carat,cut,color,clarity,depth,table,price,x,y,z
0.22,Fair,E,VS2,65.1,61.0,337,3.87,3.78,2.49
0.86,Fair,E,SI2,55.1,69.0,2757,6.45,6.33,3.52
0.96,Fair,F,SI2,66.3,62.0,2759,6.27,5.95,4.07
0.7,Fair,F,VS2,64.5,57.0,2762,5.57,5.53,3.58
0.7,Fair,F,VS2,65.3,55.0,2762,5.63,5.58,3.66
0.91,Fair,H,SI2,64.4,57.0,2763,6.11,6.09,3.93
0.91,Fair,H,SI2,65.7,60.0,2763,6.03,5.99,3.95
0.98,Fair,H,SI2,67.9,60.0,2777,6.05,5.97,4.08
0.84,Fair,G,SI1,55.1,67.0,2782,6.39,6.2,3.47
1.01,Fair,E,I1,64.5,58.0,2788,6.29,6.21,4.03
1.05,Fair,J,SI2,65.8,59.0,2789,6.41,6.27,4.18
0.7,Fair,G,VVS1,58.8,66.0,2797,5.81,5.9,3.44
1.01,Fair,E,SI2,67.4,60.0,2797,6.19,6.05,4.13
0.76,Fair,G,VS1,59.0,70.0,2800,5.89,5.8,3.46
0.9,Fair,I,SI1,67.3,59.0,2804,5.93,5.84,3.96
0.57,Fair,E,VVS1,58.7,66.0,2805,5.34,5.43,3.16
0.74,Fair,F,VS2,61.1,68.0,2805,5.82,5.75,3.53
1.0,Fair,G,I1,66.4,59.0,2808,6.16,6.09,4.07
1.2,Fair,F,I1,64.6,56.0,2809,6.73,6.66,4.33
1.0,Fair,J,VS2,65.7,59.0,2811,6.14,6.07,4.01
0.99,Fair,I,SI2,68.1,56.0,2811,6.21,6.06,4.18
0.99,Fair,J,SI1,55.0,61.0,2812,6.72,6.67,3.68
0.9,Fair,J,VS2,65.0,56.0,2815,6.08,6.04,3.94
0.95,Fair,F,SI2,56.0,60.0,2815,6.62,6.53,3.68
0.96,Fair,E,SI2,53.1,63.0,2815,6.73,6.65,3.55
1.0,Fair,H,SI2,65.3,62.0,2818,6.34,6.12,4.08
0.9,Fair,H,SI2,65.8,54.0,2823,6.05,5.98,3.96
0.91,Fair,H,SI2,61.3,67.0,2825,6.24,6.19,3.81
0.9,Fair,G,SI2,65.3,59.0,2834,6.07,6.0,3.94
0.82,Fair,F,SI1,64.9,58.0,2838,5.83,5.79,3.77
0.95,Fair,G,SI1,66.7,56.0,2841,6.16,6.03,4.06
1.01,Fair,H,SI2,65.4,59.0,2846,6.3,6.26,4.11
0.75,Fair,D,SI2,64.6,57.0,2848,5.74,5.72,3.7
0.91,Fair,J,VS2,64.4,62.0,2854,6.06,6.03,3.89
0.91,Fair,J,VS2,65.4,60.0,2854,6.04,6.0,3.94
0.91,Fair,H,SI1,65.8,58.0,2854,6.04,6.01,3.96
0.98,Fair,E,SI2,53.3,67.0,2855,6.82,6.74,3.61
1.02,Fair,I,SI1,53.0,63.0,2856,6.84,6.77,3.66
1.0,Fair,G,SI2,67.8,61.0,2856,5.96,5.9,4.02
1.0,Fair,I,SI1,67.9,62.0,2856,6.19,6.03,4.15
1.0,Fair,H,SI2,66.1,56.0,2856,6.21,5.97,4.04
0.9,Fair,G,SI2,64.5,56.0,2858,6.06,6.0,3.89
0.71,Fair,D,VS2,56.9,65.0,2858,5.89,5.84,3.34
0.75,Fair,F,VS1,55.8,70.0,2859,6.09,5.98,3.37
0.62,Fair,F,IF,60.1,61.0,2861,5.53,5.56,3.33
1.01,Fair,E,SI2,67.6,57.0,2862,6.21,6.11,4.18
0.96,Fair,F,SI2,68.2,61.0,2867,6.07,5.88,4.1
1.0,Fair,H,SI1,65.5,62.0,2873,6.14,6.07,4.0
0.9,Fair,I,SI1,65.7,58.0,2873,6.03,6.0,3.95
0.9,Fair,I,SI1,65.3,61.0,2873,5.98,5.94,3.89
0.9,Fair,I,SI1,65.8,56.0,2873,6.01,5.96,3.94
1.0,Fair,H,SI2,67.7,60.0,2875,6.11,5.98,4.09
1.0,Fair,J,VS1,65.5,55.0,2875,6.3,6.25,4.11
1.0,Fair,I,SI1,66.3,61.0,2875,6.08,6.03,4.01
1.0,Fair,H,SI2,69.5,55.0,2875,6.17,6.1,4.26
0.72,Fair,F,VS1,56.9,69.0,2879,5.93,5.77,3.33
0.88,Fair,F,SI1,56.6,65.0,2882,6.39,6.32,3.6
0.9,Fair,H,SI2,65.0,61.0,2883,6.01,5.96,3.89
1.03,Fair,I,SI2,65.3,55.0,2884,6.32,6.27,4.11
0.8,Fair,E,SI1,56.3,63.0,2885,6.22,6.14,3.48
0.9,Fair,D,SI2,66.9,57.0,2885,6.02,5.9,3.99
1.19,Fair,H,I1,65.1,59.0,2892,6.62,6.55,4.29
0.71,Fair,E,VS2,64.6,59.0,2902,5.62,5.59,3.62
1.0,Fair,H,SI2,65.2,54.0,2912,6.3,6.22,4.08
1.0,Fair,I,SI1,66.0,56.0,2912,6.31,6.24,4.13
1.0,Fair,H,SI2,67.0,55.0,2912,6.25,6.12,4.16
0.9,Fair,I,VS2,64.1,66.0,2921,6.04,5.98,3.85
0.9,Fair,E,SI2,65.0,58.0,2930,6.08,6.04,3.94
1.17,Fair,I,I1,65.4,62.0,2935,6.68,6.57,4.33
0.75,Fair,E,VS2,56.0,67.0,2940,6.18,6.08,3.43
1.03,Fair,G,SI2,65.7,59.0,2942,6.3,6.24,4.12
1.01,Fair,G,SI2,67.1,59.0,2942,6.27,6.19,4.18
0.9,Fair,I,SI2,66.4,60.0,2948,5.92,5.86,3.91
1.0,Fair,E,SI2,65.8,58.0,2948,6.28,6.16,4.09
0.99,Fair,J,SI1,58.0,67.0,2949,6.57,6.5,3.79
0.98,Fair,F,SI2,61.6,66.0,2958,6.46,6.24,3.92
0.74,Fair,G,VVS2,65.2,58.0,2959,5.7,5.6,3.69
0.7,Fair,E,VS1,64.5,57.0,2964,5.59,5.55,3.59
0.9,Fair,F,SI2,65.7,59.0,2964,6.03,5.99,3.95
0.9,Fair,J,VS1,65.4,60.0,2964,6.02,5.93,3.91
1.0,Fair,G,SI1,65.7,54.0,2964,6.24,6.16,4.07
1.5,Fair,H,I1,65.6,54.0,2964,7.26,7.09,4.7
0.9,Fair,J,VS1,64.6,58.0,2964,6.12,6.06,3.93
1.13,Fair,H,I1,64.8,59.0,2968,6.52,6.42,4.19
0.91,Fair,F,SI1,64.9,57.0,2971,6.13,6.08,3.96
1.0,Fair,D,SI2,69.3,58.0,2974,5.96,5.87,4.1
0.9,Fair,E,SI2,65.8,59.0,2982,6.03,5.98,3.95
1.06,Fair,J,SI2,61.0,66.0,2992,6.54,6.35,3.93
1.01,Fair,G,SI1,65.1,57.0,2993,6.27,6.22,4.07
0.91,Fair,F,SI2,65.3,51.0,2996,6.05,5.98,3.93
1.01,Fair,J,VVS2,66.0,56.0,2998,6.29,6.22,4.13
0.85,Fair,G,VS1,57.7,67.0,2998,6.26,6.19,3.59
1.02,Fair,H,I1,61.5,60.0,2999,6.4,6.34,3.92
0.73,Fair,F,VS1,58.6,66.0,3002,5.92,5.88,3.46
1.01,Fair,D,SI2,64.6,56.0,3003,6.31,6.24,4.05
1.2,Fair,J,I1,64.9,59.0,3011,6.61,6.54,4.27
1.2,Fair,I,I1,62.2,66.0,3011,6.77,6.7,4.2
1.2,Fair,I,I1,66.2,55.0,3011,6.61,6.51,4.34
1.0,Fair,E,SI2,55.4,62.0,3011,6.63,6.59,3.66
0.9,Fair,H,SI1,65.6,57.0,3024,6.04,6.01,3.95
1.02,Fair,J,SI1,66.8,55.0,3027,6.25,6.18,4.15
1.0,Fair,G,SI2,64.9,57.0,3027,6.29,6.2,4.05
0.77,Fair,F,VS1,66.8,57.0,3031,5.66,5.76,3.82
0.92,Fair,I,VS2,64.4,58.0,3033,6.13,6.1,3.94
0.7,Fair,F,VS1,64.9,59.0,3039,5.56,5.59,3.62
0.73,Fair,D,VS1,66.0,54.0,3047,5.56,5.66,3.7
1.03,Fair,G,SI1,66.1,56.0,3052,6.26,6.2,4.12
1.01,Fair,I,SI2,66.1,58.0,3054,6.21,6.04,4.05
1.01,Fair,I,SI2,68.1,59.0,3054,6.14,6.11,4.17
0.82,Fair,H,SI1,64.9,58.0,3057,5.82,5.77,3.76
0.71,Fair,G,VVS1,62.8,57.0,3062,5.67,5.57,3.53
0.9,Fair,F,SI2,65.7,63.0,3062,6.01,5.96,3.93
0.9,Fair,I,VVS2,67.0,56.0,3074,5.91,5.83,3.93
0.71,Fair,D,VS2,64.7,58.0,3077,5.61,5.58,3.62
0.91,Fair,D,SI2,62.5,66.0,3079,6.08,6.01,3.78
1.0,Fair,J,VS1,66.6,57.0,3080,6.07,6.03,4.03
0.9,Fair,E,SI2,64.5,55.0,3084,6.12,6.03,3.92
0.9,Fair,E,SI2,65.8,58.0,3084,6.02,5.98,3.95
1.02,Fair,I,SI2,64.5,56.0,3084,6.28,6.25,4.04
0.9,Fair,G,SI2,55.9,62.0,3104,6.35,6.42,3.57
0.9,Fair,G,SI2,64.7,58.0,3104,5.94,6.03,3.87
0.9,Fair,H,SI2,65.6,58.0,3105,6.05,5.95,3.95
0.92,Fair,F,SI1,64.9,58.0,3117,6.1,6.04,3.94
1.16,Fair,H,SI2,68.2,55.0,3118,6.47,6.37,4.38
1.02,Fair,J,SI2,65.0,59.0,3119,6.34,6.24,4.08
0.91,Fair,E,SI2,64.5,60.0,3119,6.04,5.96,3.87
1.0,Fair,E,SI2,66.6,59.0,3136,6.07,6.01,4.02
1.0,Fair,E,SI2,67.0,53.0,3136,6.19,6.13,4.13
1.0,Fair,E,SI2,67.0,53.0,3136,6.19,6.13,4.13
1.0,Fair,G,SI2,64.6,67.0,3142,6.25,6.19,4.02
1.0,Fair,G,SI2,68.3,54.0,3142,6.21,6.12,4.2
0.9,Fair,G,SI1,65.4,57.0,3145,6.04,5.95,3.92
0.9,Fair,G,SI1,65.6,56.0,3145,6.1,6.03,3.98
0.9,Fair,G,SI1,65.4,59.0,3145,6.04,6.0,3.94
0.9,Fair,H,SI1,66.8,55.0,3145,5.98,5.9,3.97
1.0,Fair,F,SI2,65.5,56.0,3146,6.3,6.19,4.09
1.03,Fair,J,SI2,64.6,62.0,3149,6.3,6.21,4.06
0.95,Fair,J,SI1,58.0,66.0,3154,6.5,6.46,3.76
0.9,Fair,F,SI1,66.0,57.0,3160,6.06,6.0,3.98
1.0,Fair,H,SI2,63.7,54.0,3164,6.42,6.27,4.06
0.87,Fair,I,VS2,57.3,59.0,3166,6.29,6.44,3.65
1.01,Fair,H,SI2,64.5,54.0,3167,6.26,6.15,4.0
1.09,Fair,F,SI2,66.3,56.0,3170,6.47,6.39,4.27
0.84,Fair,F,VS2,65.0,57.2,3172,5.83,5.87,3.81
0.93,Fair,G,SI2,66.1,58.1,3172,6.0,6.04,3.98
1.01,Fair,G,SI2,68.5,63.0,3173,6.08,6.0,4.14
1.0,Fair,J,SI1,65.3,57.0,3175,6.33,6.12,4.08
1.5,Fair,H,I1,69.3,61.0,3175,6.99,6.81,4.78
0.91,Fair,H,SI1,64.4,60.0,3180,6.1,6.07,3.92
0.91,Fair,H,SI1,64.8,57.0,3180,6.12,6.07,3.95
0.9,Fair,E,SI2,57.5,68.0,3187,6.37,6.33,3.65
1.01,Fair,J,VS2,65.8,55.0,3190,6.29,6.24,4.12
1.0,Fair,H,SI2,64.4,57.0,3192,6.35,6.29,4.07
1.01,Fair,F,SI1,66.1,60.0,3197,6.15,6.13,4.06
1.0,Fair,J,SI2,56.3,64.0,3199,6.58,6.54,3.69
0.71,Fair,F,IF,58.7,62.0,3205,5.87,5.81,3.43
0.9,Fair,D,SI2,65.9,59.0,3205,6.0,5.95,3.94
0.9,Fair,D,SI2,66.0,58.0,3205,6.0,5.97,3.95
0.9,Fair,D,SI2,64.7,54.0,3205,6.1,6.04,3.93
0.9,Fair,D,SI2,65.7,60.0,3205,5.98,5.93,3.91
0.9,Fair,D,SI2,64.7,59.0,3205,6.09,5.99,3.91
0.91,Fair,F,SI2,64.9,56.0,3210,6.08,6.05,3.94
0.96,Fair,I,VS2,56.1,60.0,3215,6.62,6.58,3.7
0.9,Fair,H,VS2,65.5,57.0,3226,6.05,6.01,3.95
1.03,Fair,J,SI2,56.2,62.0,3246,6.73,6.69,3.77
0.9,Fair,I,VS2,65.4,60.0,3246,6.03,5.96,3.93
0.25,Fair,D,VS1,61.2,55.0,563,4.09,4.11,2.51
1.0,Fair,H,SI2,66.5,62.0,3248,6.19,6.1,4.09
0.9,Fair,G,SI1,65.2,59.0,3250,6.05,6.01,3.93
0.93,Fair,I,VS2,64.7,58.0,3258,6.09,6.06,3.93
1.0,Fair,I,VS2,65.7,58.0,3265,6.25,6.2,4.09
1.0,Fair,F,SI2,65.1,55.0,3265,6.26,6.23,4.07
1.0,Fair,F,SI2,65.1,55.0,3265,6.26,6.23,4.07
0.9,Fair,E,VS1,67.6,56.0,3276,5.94,5.9,4.0
0.91,Fair,H,SI1,65.3,62.0,3278,6.11,6.01,3.96
1.01,Fair,I,SI1,65.5,58.0,3280,6.28,6.24,4.1
0.9,Fair,H,SI1,61.4,61.0,3282,6.08,6.14,3.75
0.92,Fair,F,SI2,65.3,58.0,3282,6.08,6.04,3.96
0.92,Fair,F,SI2,65.1,58.0,3282,6.12,6.07,3.97
0.94,Fair,H,SI1,68.4,53.0,3285,6.05,5.97,4.11
0.9,Fair,I,VVS2,60.9,66.0,3288,6.1,6.12,3.72
1.02,Fair,I,SI2,66.2,57.0,3290,6.34,6.26,4.17
1.01,Fair,E,SI2,64.6,59.0,3294,6.22,6.18,4.01
0.7,Fair,D,VVS2,58.5,62.0,3296,5.72,5.81,3.37
0.96,Fair,G,SI1,69.7,59.0,3299,6.09,5.9,4.18
1.08,Fair,J,SI2,64.9,60.0,3302,6.46,6.32,4.15
1.0,Fair,D,SI2,64.8,60.0,3304,6.23,6.18,4.02
1.0,Fair,G,SI1,65.8,55.0,3304,6.22,6.19,4.08
0.81,Fair,G,VVS2,64.8,56.2,3323,5.82,5.98,3.82
0.92,Fair,F,SI1,66.0,57.0,3323,6.04,5.99,3.97
0.9,Fair,F,SI1,65.3,61.0,3326,6.0,5.95,3.9
0.9,Fair,E,SI1,65.0,61.0,3332,6.05,6.02,3.92
0.98,Fair,G,SI2,66.6,56.0,3332,6.12,6.02,4.04
0.99,Fair,I,SI1,60.7,66.0,3337,6.42,6.34,3.87
0.9,Fair,E,SI2,64.5,57.0,3342,6.13,6.09,3.94
1.0,Fair,I,SI2,65.8,58.0,3348,6.23,6.27,4.11
0.94,Fair,H,SI2,66.0,50.1,3353,6.13,6.17,4.06
0.93,Fair,G,SI1,64.4,57.0,3358,6.14,6.09,3.94
0.9,Fair,H,VS2,65.6,55.0,3375,6.01,5.97,3.93
0.9,Fair,D,SI1,66.4,59.0,3382,5.97,5.92,3.95
0.95,Fair,D,SI2,64.4,60.0,3384,6.06,6.02,3.89
0.9,Fair,H,SI1,65.4,56.0,3387,6.11,6.04,3.97
0.9,Fair,I,VS1,65.2,60.0,3387,6.0,5.96,3.9
1.0,Fair,F,SI1,68.7,55.0,3387,6.06,5.88,4.11
1.14,Fair,J,SI2,64.4,55.0,3403,6.56,6.54,4.22
0.92,Fair,E,SI1,65.6,57.0,3407,6.1,6.07,3.99
0.86,Fair,G,VS2,66.5,54.1,3418,5.89,5.97,3.94
1.0,Fair,J,VS2,65.3,61.0,3422,6.33,6.13,4.03
1.0,Fair,J,SI1,64.9,58.0,3427,6.29,6.23,4.06
0.9,Fair,F,SI1,65.1,56.0,3437,6.08,6.05,3.95
1.0,Fair,F,SI2,65.7,61.0,3443,6.13,6.11,4.02
1.09,Fair,J,VS2,64.6,58.0,3443,6.48,6.41,4.16
1.01,Fair,G,SI2,65.1,58.0,3461,6.29,6.21,4.07
1.0,Fair,H,SI2,66.1,59.0,3472,6.18,6.13,4.07
0.9,Fair,D,SI2,64.9,57.0,3473,6.03,5.98,3.9
0.9,Fair,D,SI2,64.5,61.0,3473,6.1,6.0,3.9
1.01,Fair,F,SI2,64.8,55.0,3477,6.37,6.26,4.1
1.01,Fair,H,SI1,64.4,59.0,3482,6.22,6.17,3.99
0.9,Fair,H,VS1,65.9,60.0,3500,5.99,5.96,3.94
1.52,Fair,H,I1,64.9,58.0,3504,7.18,7.13,4.65
0.9,Fair,E,SI1,65.5,59.0,3508,6.06,6.03,3.96
1.0,Fair,H,SI1,65.5,57.0,3511,6.26,6.21,4.08
1.0,Fair,H,SI1,65.5,57.0,3511,6.26,6.21,4.08
1.03,Fair,G,SI2,65.7,58.0,3530,6.32,6.26,4.13
1.03,Fair,I,SI2,65.2,56.0,3530,6.42,6.35,4.16
0.96,Fair,E,SI2,65.6,58.0,3533,6.11,6.15,4.02
0.92,Fair,H,SI2,64.5,60.0,3536,6.06,6.01,3.89
0.9,Fair,H,VS2,64.8,58.0,3538,6.07,6.03,3.92
0.9,Fair,H,VS2,64.6,55.0,3538,6.07,6.0,3.9
1.01,Fair,F,SI2,64.6,59.0,3540,6.19,6.25,4.2
1.0,Fair,G,SI2,64.7,58.0,3541,6.24,6.19,4.02
1.07,Fair,G,SI2,66.8,57.0,3545,6.34,6.26,4.21
1.01,Fair,H,SI1,66.4,57.0,3546,6.12,6.08,4.05
1.04,Fair,G,SI2,66.1,60.0,3564,6.32,6.23,4.15
1.0,Fair,E,SI2,65.1,59.0,3575,6.3,6.23,4.08
0.98,Fair,H,SI1,68.6,58.0,3583,6.18,6.04,4.19
1.0,Fair,I,SI1,64.8,59.0,3584,6.23,6.14,4.01
0.99,Fair,H,VS2,71.6,57.0,3593,5.94,5.8,4.2
1.01,Fair,F,SI2,60.1,66.0,3597,6.44,6.41,3.86
1.01,Fair,I,VS2,68.7,58.0,3597,6.14,6.0,4.19
1.01,Fair,F,SI2,67.3,62.0,3597,6.09,6.03,4.08
1.01,Fair,F,SI2,66.7,64.0,3597,6.14,6.05,4.06
0.9,Fair,F,SI2,64.6,56.0,3613,6.01,6.07,3.9
1.05,Fair,F,SI2,66.0,60.0,3615,6.3,6.22,4.13
1.03,Fair,H,SI1,65.1,57.0,3617,6.43,6.36,4.16
0.98,Fair,F,SI1,61.8,66.0,3622,6.38,6.27,3.91
0.9,Fair,G,SI1,64.5,57.0,3629,6.07,6.03,3.9
1.0,Fair,G,SI1,67.7,57.0,3631,6.0,6.15,4.11
1.06,Fair,G,SI2,65.3,62.0,3633,6.33,6.25,4.11
1.02,Fair,F,SI2,66.6,58.0,3633,6.21,6.14,4.11
1.0,Fair,D,SI2,65.2,56.0,3634,6.27,6.21,4.07
1.0,Fair,G,SI1,43.0,59.0,3634,6.32,6.27,3.97
1.0,Fair,H,SI2,65.1,58.0,3640,6.27,6.15,4.05
0.96,Fair,H,VS2,68.8,56.0,3658,6.11,5.98,4.16
1.0,Fair,F,SI1,66.7,57.0,3669,6.07,5.99,4.02
1.12,Fair,I,SI2,64.6,57.0,3669,6.5,6.47,4.19
1.01,Fair,G,SI1,66.1,56.0,3671,6.26,6.2,4.12
0.96,Fair,E,SI2,57.7,67.0,3674,6.49,6.46,3.73
1.01,Fair,H,VS1,67.1,59.0,3676,6.16,6.09,4.11
0.96,Fair,F,SI2,65.2,58.0,3688,6.14,6.12,3.99
0.9,Fair,D,SI1,64.8,59.0,3689,6.1,6.03,3.93
0.9,Fair,D,SI1,64.5,61.0,3689,6.05,6.01,3.89
1.23,Fair,E,I1,67.4,56.0,3692,6.76,6.56,4.49
1.0,Fair,E,SI1,66.5,55.0,3696,6.21,6.19,4.12
1.2,Fair,H,SI2,65.6,57.0,3696,6.73,6.57,4.36
0.9,Fair,H,VS2,64.7,58.0,3697,5.98,6.01,3.88
1.0,Fair,G,SI1,66.1,62.0,3700,6.1,6.03,4.01
0.9,Fair,H,VS2,64.6,54.0,3725,6.09,6.14,3.95
0.91,Fair,D,SI1,64.7,61.0,3730,6.06,5.99,3.9
0.91,Fair,D,SI1,65.2,57.0,3730,6.08,6.04,3.95
1.11,Fair,H,SI2,64.4,58.0,3730,6.55,6.5,4.2
1.01,Fair,H,VS2,65.2,56.0,3733,6.23,6.19,4.05
1.51,Fair,F,I1,67.8,59.0,3734,7.09,7.0,4.78
1.51,Fair,F,I1,67.5,56.0,3734,7.17,7.05,4.8
1.0,Fair,F,SI2,65.1,60.0,3740,6.19,6.1,4.0
0.9,Fair,E,SI1,64.9,56.0,3743,6.12,6.18,3.99
1.03,Fair,D,SI2,66.4,56.0,3743,6.31,6.19,4.15
1.52,Fair,I,I1,67.7,58.0,3745,7.07,7.0,4.76
1.03,Fair,H,SI2,66.3,57.0,3749,6.35,6.25,4.18
0.9,Fair,F,VS1,65.7,59.0,3750,5.96,5.92,3.9
0.9,Fair,F,VS2,65.7,57.0,3750,6.03,5.99,3.95
0.93,Fair,H,SI1,64.6,58.0,3750,6.13,6.07,3.94
0.9,Fair,D,SI1,65.7,65.0,3751,6.06,5.94,3.94
1.02,Fair,F,SI2,65.5,59.0,3754,6.27,6.24,4.1
0.86,Fair,G,VS1,64.6,58.8,3756,5.95,6.04,3.87
1.0,Fair,E,SI2,64.6,54.0,3763,6.33,6.27,4.07
1.0,Fair,I,VS1,65.3,55.0,3763,6.34,6.25,4.11
1.0,Fair,E,SI2,69.0,56.0,3763,6.01,5.94,4.12
1.22,Fair,G,SI2,64.7,61.0,3763,6.75,6.68,4.34
1.51,Fair,H,I1,65.6,61.0,3765,7.16,7.0,4.66
1.03,Fair,G,SI2,65.6,58.0,3765,6.3,6.26,4.12
1.0,Fair,D,SI2,65.6,66.0,3767,6.1,6.01,3.97
1.0,Fair,J,SI1,64.7,52.0,3780,6.35,6.3,4.09
1.04,Fair,D,SI2,65.8,58.0,3780,6.32,6.25,4.13
0.9,Fair,F,SI2,62.6,58.0,3787,6.01,6.06,3.78
1.02,Fair,G,SI2,65.3,58.0,3787,6.33,6.22,4.1
1.01,Fair,E,SI2,60.0,60.0,3801,6.48,6.38,3.86
1.01,Fair,I,VS1,64.9,56.0,3801,6.29,6.2,4.07
1.02,Fair,I,SI2,65.5,57.0,3802,6.19,6.24,4.07
0.9,Fair,G,VS1,65.7,58.0,3806,6.02,5.97,3.94
0.9,Fair,D,SI1,60.4,61.0,3812,6.24,6.22,3.76
0.73,Fair,E,VVS2,57.4,59.0,3813,5.99,5.95,3.43
1.05,Fair,D,SI2,65.4,59.0,3816,6.3,6.24,4.1
1.01,Fair,G,SI2,58.7,67.0,3816,6.52,6.56,3.84
1.01,Fair,G,SI2,59.8,66.0,3816,6.42,6.48,3.86
0.91,Fair,H,SI1,64.7,56.0,3816,6.1,6.07,3.94
1.0,Fair,H,VS2,64.8,55.0,3819,6.35,6.28,4.09
1.0,Fair,H,SI1,55.2,64.0,3830,6.69,6.64,3.68
1.0,Fair,G,SI1,68.2,60.0,3833,6.02,5.94,4.08
1.17,Fair,I,SI2,59.2,68.0,3833,6.91,6.84,4.07
1.0,Fair,G,SI1,68.9,56.0,3833,6.16,6.11,4.23
0.91,Fair,F,VS2,66.8,58.0,3837,5.95,5.97,3.98
1.01,Fair,F,SI2,65.2,57.0,3837,6.33,6.24,4.1
1.02,Fair,E,SI2,65.3,59.0,3838,6.28,6.22,4.08
0.9,Fair,D,SI2,64.6,59.0,3847,6.04,6.01,3.89
0.91,Fair,D,SI1,64.4,60.0,3855,6.08,6.04,3.9
1.01,Fair,G,SI2,64.7,58.0,3856,6.14,6.23,4.0
1.08,Fair,E,SI2,64.9,60.0,3861,6.43,6.39,4.16
1.21,Fair,H,SI1,69.6,55.0,3862,6.49,6.42,4.49
1.21,Fair,H,SI2,65.6,56.0,3862,6.69,6.59,4.36
1.0,Fair,F,SI2,65.5,54.0,3864,6.2,6.16,4.05
1.01,Fair,H,SI1,64.5,59.0,3869,6.27,6.23,4.03
1.01,Fair,H,SI1,65.3,61.0,3869,6.23,6.18,4.05
1.01,Fair,D,SI2,64.7,57.0,3871,6.31,6.27,4.07
0.9,Fair,E,VS2,65.2,61.0,3875,6.01,5.98,3.91
1.03,Fair,E,SI2,65.3,59.0,3876,6.3,6.25,4.1
1.26,Fair,H,SI2,64.9,60.0,3881,6.7,6.62,4.32
1.01,Fair,J,VS2,59.6,62.0,3886,6.54,6.49,3.88
1.0,Fair,E,SI2,56.9,63.0,3889,6.54,6.49,3.71
1.1,Fair,E,SI1,65.5,57.0,3891,6.45,6.37,4.2
1.03,Fair,I,SI1,57.4,61.0,3892,6.67,6.71,3.84
1.18,Fair,D,SI2,57.0,66.0,3899,6.96,6.91,3.98
1.01,Fair,E,SI2,57.9,57.0,3916,6.51,6.55,3.78
1.0,Fair,I,SI1,56.4,61.0,3920,6.58,6.55,3.7
0.51,Fair,F,VVS2,65.4,60.0,3920,4.98,4.9,3.23
0.92,Fair,H,VS1,56.0,60.0,3924,6.53,6.51,3.65
0.9,Fair,F,VS2,64.7,54.0,3931,6.09,6.03,3.92
0.9,Fair,D,VS2,57.5,66.0,3931,6.3,6.25,3.61
0.9,Fair,D,SI1,66.1,55.0,3945,5.98,5.92,3.93
1.0,Fair,I,VS1,64.0,49.0,3951,6.43,6.39,4.1
1.0,Fair,G,SI1,68.3,61.0,3965,6.02,5.93,4.08
1.0,Fair,G,SI1,65.2,62.0,3965,6.19,6.08,4.01
1.0,Fair,D,SI2,65.0,56.0,3965,6.27,6.23,4.06
1.0,Fair,D,SI2,66.5,59.0,3965,6.24,6.21,4.14
1.02,Fair,H,SI1,64.6,55.0,3972,6.33,6.28,4.07
1.0,Fair,F,SI2,59.3,66.0,3975,6.44,6.51,3.84
1.08,Fair,J,VS2,65.1,54.0,3980,6.47,6.44,4.2
1.21,Fair,J,SI2,64.6,59.0,3984,6.74,6.64,4.32
1.25,Fair,H,SI2,64.4,58.0,3990,6.82,6.71,4.36
1.01,Fair,E,SI2,56.8,66.0,3991,6.63,6.58,3.75
1.01,Fair,F,SI1,66.8,60.0,3991,6.21,6.13,4.12
0.9,Fair,F,VS2,58.9,67.0,3992,6.18,6.17,3.64
1.01,Fair,G,SI1,64.2,59.0,4004,6.31,6.28,4.04
1.0,Fair,E,SI2,57.3,62.0,4032,6.54,6.59,3.76
1.0,Fair,G,VS2,44.0,53.0,4032,6.31,6.24,4.12
1.0,Fair,F,SI2,59.0,67.0,4036,6.48,6.41,3.8
1.03,Fair,H,SI2,67.0,61.0,4038,6.25,6.17,4.16
0.74,Fair,D,VVS2,65.4,53.0,4040,5.73,5.71,3.74
1.01,Fair,H,VS1,66.1,55.0,4044,6.28,6.24,4.14
1.02,Fair,G,SI1,64.5,56.0,4044,6.3,6.23,4.04
1.2,Fair,G,SI2,65.5,59.0,4044,6.73,6.53,4.34
1.01,Fair,G,SI2,58.3,62.0,4047,6.46,6.5,3.78
0.94,Fair,F,SI1,56.8,67.0,4053,6.56,6.44,3.69
1.11,Fair,J,SI2,64.8,55.1,4056,6.44,6.55,4.21
0.9,Fair,E,VS2,65.0,55.0,4057,6.11,6.04,3.95
1.24,Fair,G,SI2,65.7,57.0,4058,6.72,6.68,4.4
0.97,Fair,F,SI1,56.4,66.0,4063,6.59,6.54,3.7
1.01,Fair,G,VS2,65.7,54.0,4072,6.32,6.28,4.14
1.0,Fair,E,SI2,64.6,60.0,4077,6.23,6.18,4.01
1.22,Fair,I,SI1,66.2,60.0,4099,6.61,6.56,4.36
0.31,Fair,E,SI1,56.9,66.0,579,4.53,4.47,2.56
1.01,Fair,G,SI1,66.9,56.0,4102,6.15,6.22,4.14
1.01,Fair,E,SI1,65.6,59.0,4106,6.22,6.18,4.07
0.91,Fair,D,VS2,65.7,56.0,4107,6.1,6.05,3.99
0.91,Fair,D,VS2,65.7,58.0,4107,6.04,5.99,3.95
1.13,Fair,H,SI2,64.4,58.0,4113,6.59,6.51,4.22
0.91,Fair,H,VVS1,56.5,67.0,4115,6.38,6.4,3.61
1.01,Fair,E,SI2,55.2,65.0,4118,6.78,6.67,3.71
1.01,Fair,E,SI2,64.7,55.0,4118,6.37,6.3,4.1
1.01,Fair,D,SI1,66.3,55.0,4118,6.22,6.17,4.11
1.13,Fair,J,SI1,64.9,55.0,4123,6.49,6.56,4.24
0.9,Fair,E,VS2,64.5,61.0,4125,6.07,6.03,3.9
1.01,Fair,F,SI2,58.2,61.0,4127,6.48,6.52,3.78
1.01,Fair,H,SI2,64.9,56.0,4129,6.33,6.25,4.08
1.32,Fair,H,I1,65.8,55.0,4140,6.87,6.83,4.51
1.0,Fair,E,SI1,66.3,62.0,4140,6.27,6.06,4.09
1.41,Fair,H,I1,64.7,58.0,4145,7.05,7.0,4.55
1.21,Fair,J,SI1,65.0,59.0,4147,6.64,6.57,4.29
1.21,Fair,J,SI1,65.3,60.0,4147,6.6,6.51,4.28
1.0,Fair,H,SI1,56.3,63.0,4150,6.63,6.61,3.73
1.36,Fair,J,SI2,67.8,55.0,4158,6.73,6.66,4.54
1.0,Fair,G,SI1,63.1,59.0,4163,6.32,6.27,3.97
1.0,Fair,H,VS2,66.8,63.0,4166,6.19,6.08,4.1
1.51,Fair,G,I1,65.6,54.0,4167,7.28,7.1,4.72
1.13,Fair,F,SI2,64.4,56.0,4176,6.58,6.52,4.22
1.01,Fair,E,SI1,64.7,59.0,4181,6.23,6.11,3.99
0.9,Fair,F,VS1,66.2,55.0,4183,6.11,5.97,4.0
1.01,Fair,H,SI1,64.6,55.0,4191,6.29,6.25,4.05
0.9,Fair,I,VVS1,63.5,57.0,4194,5.98,6.09,3.83
1.01,Fair,D,SI2,65.3,55.0,4205,6.33,6.19,4.09
1.0,Fair,E,SI1,58.1,63.0,4213,6.6,6.52,3.81
0.9,Fair,E,SI1,59.2,60.0,4220,6.17,6.22,3.67
1.16,Fair,H,SI2,66.3,57.0,4222,6.56,6.5,4.33
1.02,Fair,F,SI1,61.8,50.0,4227,6.59,6.51,4.05
0.9,Fair,F,VS2,64.4,53.0,4229,6.08,6.04,3.9
0.9,Fair,D,SI1,63.8,61.0,4252,6.07,5.99,3.85
1.0,Fair,E,SI2,65.2,56.0,4256,6.3,6.12,4.05
0.91,Fair,E,SI1,65.0,62.0,4256,6.09,6.04,3.94
1.01,Fair,H,SI1,65.3,57.0,4256,6.33,6.23,4.1
1.0,Fair,F,SI1,66.4,57.0,4256,6.21,6.14,4.1
1.01,Fair,I,VS1,64.9,58.0,4263,6.17,6.22,4.02
1.0,Fair,E,SI2,65.9,62.0,4265,6.09,6.02,3.99
1.09,Fair,I,SI1,56.4,62.0,4273,6.97,6.9,3.9
1.01,Fair,F,SI1,65.9,58.0,4276,6.16,6.1,4.04
1.01,Fair,F,SI1,67.2,60.0,4276,6.06,6.0,4.05
1.01,Fair,D,SI1,65.9,60.0,4276,6.32,6.18,4.12
1.29,Fair,G,I1,66.0,58.0,4277,6.82,6.75,4.48
0.9,Fair,D,VS2,57.4,65.0,4277,6.26,6.29,3.6
0.31,Fair,E,VS2,55.9,62.0,581,4.6,4.56,2.56
0.98,Fair,G,SI1,64.4,56.0,4281,6.33,6.24,4.03
1.05,Fair,I,VS1,58.9,66.0,4281,6.71,6.6,3.92
1.5,Fair,J,I1,68.8,57.0,4284,6.94,6.87,4.75
1.0,Fair,G,SI1,64.4,57.0,4295,6.32,6.28,4.06
1.0,Fair,G,SI1,66.2,58.0,4295,6.25,6.15,4.11
1.16,Fair,G,SI2,60.1,60.0,4307,6.9,6.72,4.09
0.9,Fair,G,VS2,65.8,61.0,4309,5.99,5.96,3.93
1.0,Fair,D,SI2,64.5,54.0,4312,6.34,6.28,4.07
1.0,Fair,H,VVS2,65.3,58.0,4312,6.25,6.18,4.06
1.0,Fair,H,VVS2,65.1,57.0,4312,6.27,6.23,4.07
1.0,Fair,G,SI1,64.7,60.0,4312,6.22,6.18,4.01
1.0,Fair,F,VS2,68.3,58.0,4312,5.98,5.95,4.08
1.01,Fair,F,SI2,65.3,59.0,4317,6.28,6.24,4.09
1.45,Fair,F,I1,64.8,67.0,4320,7.16,7.0,4.64
1.0,Fair,F,SI1,67.1,57.0,4328,6.06,6.1,4.08
1.03,Fair,I,VS1,57.6,58.0,4328,6.67,6.58,3.81
1.5,Fair,I,SI2,70.1,58.0,4328,6.96,6.85,4.84
1.01,Fair,H,VVS2,65.0,55.0,4355,6.31,6.27,4.09
1.5,Fair,I,I1,71.3,58.0,4368,6.85,6.81,4.87
1.2,Fair,I,SI1,66.2,59.0,4368,6.55,6.47,4.31
1.2,Fair,H,SI2,64.8,58.0,4368,6.61,6.56,4.27
1.0,Fair,H,VS1,65.4,61.0,4368,6.22,6.17,4.05
1.0,Fair,H,VS1,57.4,68.0,4368,6.52,6.47,3.73
0.51,Fair,F,VVS2,60.7,66.0,4368,5.21,5.11,3.13
1.24,Fair,F,SI2,64.9,60.0,4375,6.7,6.63,4.32
1.02,Fair,D,SI2,65.5,60.0,4381,6.27,6.24,4.1
1.02,Fair,H,SI2,59.6,57.0,4398,6.65,6.5,3.92
1.04,Fair,D,SI2,64.9,56.0,4398,6.39,6.34,4.13
1.02,Fair,D,SI1,70.6,57.0,4398,6.08,6.01,4.27
0.5,Fair,F,I1,69.8,55.0,584,4.89,4.8,3.38
1.04,Fair,F,SI1,66.9,62.0,4403,6.22,6.15,4.14
1.01,Fair,G,SI1,65.3,58.0,4417,6.14,6.2,4.03
1.35,Fair,I,SI2,66.5,57.0,4423,6.79,6.74,4.5
1.03,Fair,G,SI1,64.7,63.0,4424,6.36,6.31,4.1
1.0,Fair,E,SI1,65.1,61.0,4435,6.15,6.08,3.98
1.0,Fair,G,VS2,69.8,54.0,4435,6.03,5.94,4.18
0.91,Fair,D,VS2,65.1,63.0,4439,6.02,6.0,3.91
1.03,Fair,D,SI1,65.5,58.0,4441,6.18,6.13,4.03
1.02,Fair,H,VS1,71.8,56.0,4455,6.04,5.97,4.31
1.0,Fair,G,VS1,64.9,65.0,4455,6.31,6.18,4.05
0.3,Fair,E,VVS2,66.6,54.0,586,4.14,4.18,2.77
1.02,Fair,H,VS2,64.6,61.0,4462,6.32,6.24,4.06
1.02,Fair,F,SI1,65.1,56.0,4462,6.29,6.25,4.08
0.91,Fair,F,VS2,58.0,56.0,4474,6.34,6.41,3.7
1.01,Fair,E,SI1,65.1,61.0,4480,6.27,6.24,4.07
1.01,Fair,E,SI1,64.8,58.0,4480,6.34,6.29,4.09
1.0,Fair,E,VS2,66.4,51.0,4480,6.31,6.22,4.16
1.01,Fair,G,VS2,66.8,56.0,4480,6.15,6.09,4.09
0.92,Fair,E,SI1,66.8,55.0,4482,6.04,5.99,4.02
1.07,Fair,E,SI2,62.2,66.0,4496,6.57,6.48,4.06
1.0,Fair,E,SI2,65.2,59.0,4516,6.28,6.27,4.09
1.0,Fair,E,SI2,63.0,58.0,4516,6.35,6.26,3.97
1.01,Fair,E,VS2,66.6,55.0,4525,6.27,6.2,4.15
1.0,Fair,G,VVS2,66.9,55.0,4534,6.2,6.17,4.14
0.9,Fair,F,VS2,59.5,67.0,4536,6.29,6.24,3.73
1.01,Fair,D,SI2,64.6,62.0,4538,6.26,6.21,4.03
0.91,Fair,E,VS2,61.8,66.0,4550,6.11,6.09,3.77
1.26,Fair,I,SI2,64.8,57.0,4551,6.73,6.69,4.35
1.18,Fair,I,VS2,62.0,66.0,4553,6.75,6.63,4.16
1.07,Fair,F,SI1,60.6,66.0,4554,6.65,6.46,3.97
1.01,Fair,F,SI1,65.9,60.0,4561,6.25,6.17,4.09
1.04,Fair,E,SI2,67.5,56.0,4566,6.28,6.22,4.22
1.45,Fair,J,SI2,58.6,68.0,4570,7.45,7.33,4.34
1.0,Fair,F,SI1,64.8,58.0,4586,6.26,6.21,4.04
1.01,Fair,E,SI2,57.1,59.0,4600,6.65,6.69,3.81
1.16,Fair,G,SI1,65.9,55.0,4612,6.54,6.51,4.3
1.35,Fair,G,SI2,66.0,58.0,4627,6.89,6.81,4.52
1.0,Fair,G,VS1,63.1,63.0,4630,6.38,6.29,4.0
1.01,Fair,F,SI1,65.5,57.0,4634,6.12,6.22,4.04
1.21,Fair,G,SI1,64.5,56.0,4637,6.69,6.62,4.29
1.01,Fair,G,SI1,60.4,62.0,4646,6.31,6.34,3.82
1.52,Fair,H,I1,69.7,55.0,4648,6.92,6.89,4.81
1.52,Fair,H,I1,65.4,62.0,4648,7.1,7.02,4.62
1.0,Fair,F,VS2,68.4,58.0,4656,5.97,6.1,4.13
1.0,Fair,F,SI1,65.8,58.0,4657,6.23,6.15,4.07
1.0,Fair,H,SI1,67.6,59.0,4665,6.03,5.95,4.05
1.0,Fair,F,SI1,56.5,60.0,4679,6.62,6.66,3.75
1.0,Fair,F,SI1,56.9,63.0,4688,6.45,6.52,3.69
1.13,Fair,I,VS2,55.9,67.0,4695,7.05,6.94,3.9
1.33,Fair,F,I1,62.0,56.0,4698,7.05,7.01,4.36
1.0,Fair,D,SI1,66.3,58.0,4704,6.15,6.04,4.04
1.5,Fair,I,I1,66.1,57.0,4704,7.12,7.04,4.68
1.5,Fair,I,I1,69.7,56.0,4704,6.94,6.9,4.82
1.5,Fair,I,SI2,64.9,61.0,4704,7.14,7.09,4.62
1.0,Fair,D,SI1,64.9,59.0,4704,6.2,6.13,4.0
1.0,Fair,D,SI1,65.9,54.0,4704,6.24,6.2,4.1
1.22,Fair,F,SI2,65.0,56.0,4705,6.71,6.8,4.39
0.3,Fair,J,VS2,64.8,58.0,416,4.24,4.16,2.72
1.17,Fair,H,SI2,60.0,66.0,4717,6.86,6.78,4.09
1.1,Fair,D,SI2,64.6,54.0,4725,6.56,6.49,4.22
1.38,Fair,G,SI2,61.2,59.0,4730,7.19,7.13,4.38
1.0,Fair,F,VS2,66.7,57.0,4732,6.11,6.04,4.05
1.0,Fair,H,VS1,64.1,60.0,4732,6.3,6.22,4.01
1.26,Fair,D,SI2,64.5,59.0,4746,6.75,6.71,4.34
1.01,Fair,D,SI1,63.5,58.0,4751,6.35,6.25,4.0
1.01,Fair,H,VS2,64.5,60.0,4751,6.3,6.25,4.05
1.01,Fair,D,SI1,64.6,60.0,4751,6.12,6.08,3.94
1.01,Fair,D,SI1,66.9,54.0,4751,6.25,6.21,4.17
1.02,Fair,H,SI1,65.5,60.0,4758,6.29,6.22,4.1
0.91,Fair,D,VS2,64.5,55.0,4765,6.24,6.07,3.97
0.91,Fair,E,VS1,64.5,58.0,4770,6.14,6.1,3.95
0.29,Fair,D,VS2,64.7,62.0,592,4.14,4.11,2.67
0.3,Fair,F,VS1,61.7,66.0,593,4.25,4.31,2.64
1.08,Fair,E,SI1,53.8,63.0,4790,6.99,6.81,3.71
1.01,Fair,F,VS2,64.8,56.0,4791,6.3,6.25,4.07
1.01,Fair,F,VS2,64.8,56.0,4791,6.3,6.25,4.07
1.01,Fair,F,VS2,66.1,61.0,4791,6.1,6.04,4.01
0.9,Fair,D,SI1,64.0,63.0,4796,6.12,6.04,3.89
1.0,Fair,E,SI1,65.8,59.0,4798,6.07,6.15,4.02
1.02,Fair,D,SI1,66.4,60.0,4798,6.29,6.21,4.15
1.0,Fair,F,SI1,65.4,59.0,4798,6.27,6.2,4.08
1.29,Fair,F,SI2,64.4,57.0,4824,6.85,6.79,4.39
1.0,Fair,F,VS2,64.7,59.0,4829,6.22,6.15,4.0
1.0,Fair,G,VS2,66.1,61.0,4838,6.08,5.99,3.99
1.2,Fair,J,SI1,65.2,58.0,4838,6.67,6.58,4.32
1.01,Fair,E,SI1,65.3,59.0,4844,6.13,6.19,4.02
1.0,Fair,E,SI1,57.4,61.0,4844,6.53,6.63,3.78
1.03,Fair,D,SI1,64.4,61.0,4845,6.33,6.25,4.05
0.96,Fair,F,SI1,60.7,65.0,4849,6.43,6.28,3.86
1.64,Fair,G,I1,64.5,60.0,4849,7.44,7.35,4.76
1.01,Fair,E,SI1,69.5,55.0,4853,6.0,5.94,4.15
0.91,Fair,G,VS2,64.9,54.0,4860,6.04,6.08,3.93
1.0,Fair,H,VS2,64.8,62.0,4861,6.22,6.13,4.0
1.01,Fair,G,VS1,66.8,61.0,4864,6.15,6.06,4.08
1.11,Fair,E,SI2,64.7,61.0,4873,6.42,6.39,4.14
1.01,Fair,G,VS2,64.9,56.0,4887,6.27,6.21,4.05
1.01,Fair,G,VS2,64.4,58.0,4887,6.25,6.18,4.0
1.0,Fair,G,VS1,63.1,68.0,4892,6.32,6.17,3.94
1.47,Fair,H,I1,66.7,59.0,4898,6.98,6.94,4.64
1.18,Fair,F,SI2,55.9,64.0,4903,7.15,7.01,3.95
1.2,Fair,F,SI2,65.1,58.0,4915,6.62,6.56,4.29
1.2,Fair,H,SI2,64.8,60.0,4916,6.55,6.59,4.26
1.33,Fair,E,SI2,65.0,57.0,4916,6.93,6.89,4.49
1.0,Fair,F,SI1,62.6,59.0,4925,6.25,6.3,3.93
1.21,Fair,E,SI2,65.6,59.0,4926,6.62,6.56,4.32
1.0,Fair,G,VVS2,65.5,54.0,4928,6.3,6.22,4.1
1.02,Fair,H,SI1,56.9,58.0,4935,6.64,6.75,3.81
1.5,Fair,H,I1,65.7,58.0,4939,7.07,7.02,4.63
1.5,Fair,H,I1,66.6,54.0,4939,7.05,7.01,4.68
1.26,Fair,G,SI2,53.2,61.0,4966,7.44,7.36,3.94
1.01,Fair,E,VS2,64.8,59.0,4972,6.34,6.26,4.08
1.0,Fair,F,VS1,67.0,52.0,4984,6.12,6.08,4.09
1.5,Fair,H,SI2,66.0,64.0,5000,7.1,6.97,4.64
1.0,Fair,E,SI1,57.6,57.0,5027,6.56,6.52,3.77
1.21,Fair,F,SI2,65.3,53.0,5028,6.74,6.68,4.38
1.01,Fair,E,SI1,64.7,56.0,5034,6.34,6.27,4.08
1.5,Fair,I,I1,65.1,59.0,5040,7.12,6.96,4.58
1.0,Fair,F,SI1,61.3,62.0,5040,6.45,6.37,3.93
1.21,Fair,H,VS2,64.5,56.0,5041,6.7,6.66,4.31
1.01,Fair,H,VS1,61.4,66.0,5062,6.34,6.24,3.87
1.51,Fair,I,I1,65.7,61.0,5074,7.08,7.02,4.63
0.93,Fair,D,VS2,56.3,67.0,5078,6.52,6.45,3.65
1.83,Fair,J,I1,70.0,58.0,5083,7.34,7.28,5.12
1.09,Fair,H,SI1,64.4,60.0,5085,6.49,6.42,4.16
1.01,Fair,F,VS2,65.2,52.0,5090,6.31,6.29,4.11
1.0,Fair,D,SI1,67.3,57.0,5096,6.15,6.04,4.1
1.34,Fair,G,SI2,64.7,55.0,5106,7.03,6.97,4.53
1.01,Fair,D,SI1,66.2,56.0,5122,6.05,6.1,4.02
1.01,Fair,F,SI1,65.0,61.0,5131,6.29,6.23,4.07
1.33,Fair,F,SI2,64.5,58.0,5139,6.97,6.86,4.46
1.01,Fair,F,SI1,57.9,57.0,5144,6.53,6.57,3.79
1.01,Fair,D,SI1,64.4,61.0,5147,6.17,6.13,3.96
1.0,Fair,G,VS2,64.5,58.0,5161,6.26,6.2,4.02
1.08,Fair,H,VVS2,55.9,63.0,5171,6.9,6.8,3.83
1.11,Fair,H,SI1,65.7,61.0,5178,6.42,6.39,4.21
1.01,Fair,E,SI1,56.8,61.0,5185,6.59,6.62,3.75
1.05,Fair,F,SI1,64.6,57.0,5186,6.39,6.33,4.11
1.19,Fair,I,SI1,64.9,58.0,5198,6.64,6.55,4.28
1.24,Fair,H,SI2,65.0,54.0,5208,6.76,6.73,4.38
1.0,Fair,E,SI1,57.4,62.0,5212,6.54,6.59,3.77
1.01,Fair,F,VS2,64.5,58.0,5226,6.28,6.18,4.02
1.72,Fair,J,I1,68.5,59.0,5240,7.31,7.24,4.98
1.0,Fair,H,VS1,64.6,59.0,5242,6.3,6.26,4.06
1.02,Fair,F,SI1,64.8,59.0,5255,6.33,6.23,4.07
1.5,Fair,J,SI2,65.5,60.0,5268,7.07,7.03,4.62
1.5,Fair,H,I1,68.9,56.0,5292,7.0,6.9,4.79
1.0,Fair,F,SI1,64.8,59.0,5292,6.29,6.24,4.06
1.01,Fair,G,VS2,68.9,60.0,5294,6.06,6.02,4.17
0.3,Fair,F,SI1,64.6,56.0,599,4.27,4.25,2.75
1.0,Fair,D,SI1,65.5,60.0,5331,6.18,6.12,4.03
1.27,Fair,H,SI2,65.2,54.0,5334,6.78,6.71,4.41
1.02,Fair,E,VS2,66.6,57.0,5350,6.09,6.14,4.07
1.0,Fair,E,VS2,65.0,58.0,5376,6.21,6.16,4.02
1.01,Fair,D,SI1,66.0,57.0,5385,6.29,6.22,4.13
1.01,Fair,D,SI1,65.0,57.0,5385,6.3,6.22,4.07
2.14,Fair,J,I1,69.4,57.0,5405,7.74,7.7,5.36
1.16,Fair,H,SI1,65.8,58.0,5411,6.54,6.46,4.28
2.15,Fair,J,I1,65.5,57.0,5430,8.01,7.95,5.23
0.91,Fair,E,VVS2,63.1,55.0,5430,6.13,6.0,3.83
1.01,Fair,D,SI1,64.7,57.0,5430,6.33,6.25,4.07
1.2,Fair,F,SI2,63.4,60.0,5445,6.56,6.65,4.19
1.0,Fair,H,VS1,55.8,60.0,5460,6.66,6.61,3.7
1.5,Fair,D,I1,64.7,62.0,5460,7.19,7.04,4.6
1.01,Fair,G,VS2,66.6,55.0,5475,6.27,6.22,4.16
1.0,Fair,G,VS2,67.6,57.0,5484,6.2,6.13,4.17
1.0,Fair,G,VS2,63.7,55.0,5484,6.28,6.21,3.98
1.12,Fair,G,VS1,64.8,56.0,5487,6.48,6.52,4.21
1.3,Fair,J,SI1,66.0,57.1,5488,6.73,6.82,4.45
1.01,Fair,F,VS2,65.5,62.0,5501,6.19,6.23,4.07
1.46,Fair,G,SI2,64.6,54.0,5504,7.11,7.03,4.57
0.39,Fair,E,SI1,65.6,60.0,601,4.5,4.56,2.97
1.35,Fair,J,SI1,65.2,56.0,5524,6.9,7.02,4.54
1.52,Fair,G,SI2,64.9,59.0,5533,7.19,7.15,4.65
1.01,Fair,G,VS2,64.5,57.0,5538,6.26,6.2,4.02
0.9,Fair,E,VVS2,58.1,59.0,5551,6.21,6.26,3.62
1.96,Fair,F,I1,66.6,60.0,5554,7.59,7.56,5.04
2.22,Fair,J,I1,66.7,56.0,5607,8.04,8.02,5.36
1.7,Fair,D,I1,64.7,56.0,5617,7.46,7.37,4.8
1.19,Fair,H,SI1,64.4,58.0,5622,6.69,6.64,4.29
1.03,Fair,E,SI1,65.1,58.0,5624,6.35,6.24,4.1
1.35,Fair,H,VS2,64.5,58.0,5625,6.98,6.93,4.48
1.01,Fair,D,SI1,62.6,57.0,5628,6.14,6.22,3.87
1.04,Fair,G,VS1,64.9,58.0,5633,6.36,6.33,4.12
1.5,Fair,H,I1,65.5,58.0,5645,7.02,6.96,4.58
1.01,Fair,G,VS2,67.8,59.0,5666,6.07,6.02,4.1
2.0,Fair,I,I1,66.0,60.0,5667,7.78,7.74,5.1
1.05,Fair,G,VS2,65.5,57.0,5673,6.38,6.34,4.17
1.02,Fair,E,SI1,65.7,58.0,5681,6.23,6.31,4.12
2.01,Fair,I,I1,67.4,58.0,5696,7.71,7.64,5.17
2.01,Fair,I,I1,55.9,64.0,5696,8.48,8.39,4.71
1.46,Fair,H,SI2,56.3,60.0,5723,7.61,7.55,4.27
1.0,Fair,E,VS2,67.0,54.0,5729,6.23,6.18,4.16
2.27,Fair,J,I1,67.6,55.0,5733,8.05,8.0,5.43
1.51,Fair,I,I1,65.1,57.0,5750,7.16,7.12,4.65
1.13,Fair,H,SI1,65.3,59.0,5771,6.52,6.44,4.23
1.01,Fair,F,VS2,65.1,59.0,5784,6.17,6.21,4.03
1.01,Fair,D,VS2,59.1,68.0,5797,6.56,6.44,3.84
1.51,Fair,J,SI2,65.1,59.0,5801,7.13,7.09,4.63
1.0,Fair,F,VS1,65.3,56.0,5833,6.28,6.25,4.09
1.0,Fair,F,VS2,64.9,56.0,5840,6.26,6.31,4.08
1.5,Fair,J,VS2,64.5,59.0,5846,7.2,7.07,4.6
1.0,Fair,G,VS1,58.7,67.0,5853,6.47,6.45,3.79
1.81,Fair,J,I1,68.0,57.0,5859,7.43,7.39,5.04
1.01,Fair,E,VS2,65.3,59.0,5882,6.15,6.1,4.0
1.0,Fair,G,VS1,64.4,56.0,5908,6.31,6.26,4.05
2.0,Fair,H,I1,69.8,54.0,5914,7.6,7.56,5.29
1.65,Fair,J,SI1,61.6,66.0,5914,7.61,7.47,4.66
1.52,Fair,J,SI2,65.8,57.0,5916,7.18,7.11,4.7
1.51,Fair,H,SI2,66.9,57.0,5919,7.13,7.09,4.75
1.51,Fair,F,SI2,65.4,56.0,5919,7.2,7.08,4.67
1.01,Fair,G,VS2,65.1,56.0,5950,6.2,6.15,4.02
1.82,Fair,H,I1,67.3,58.0,5993,7.5,7.47,5.04
2.03,Fair,H,I1,64.4,59.0,6002,7.91,7.85,5.07
2.03,Fair,H,I1,66.6,57.0,6002,7.81,7.75,5.19
1.5,Fair,J,SI1,64.9,58.0,6006,7.09,7.03,4.58
1.73,Fair,H,SI2,65.9,58.0,6007,7.52,7.45,4.93
1.01,Fair,F,VS2,69.0,61.0,6041,6.06,5.99,4.16
1.32,Fair,I,SI1,64.8,58.0,6061,6.9,6.83,4.45
1.33,Fair,G,SI2,63.0,62.0,6078,6.9,6.87,4.34
1.01,Fair,D,VS2,65.2,57.0,6081,6.23,6.19,4.05
1.43,Fair,E,SI2,66.0,57.0,6086,7.02,7.0,4.63
1.47,Fair,F,SI2,65.9,59.0,6108,6.99,6.94,4.59
1.0,Fair,F,VS1,64.8,61.0,6115,6.26,6.21,4.04
1.0,Fair,F,VS1,65.0,59.0,6115,6.19,6.14,4.01
1.52,Fair,H,SI2,64.9,58.0,6129,7.16,7.13,4.64
1.96,Fair,I,I1,66.8,55.0,6147,7.62,7.6,5.08
1.51,Fair,I,SI2,66.0,57.0,6156,7.14,7.0,4.7
1.01,Fair,D,VS2,65.6,61.0,6176,6.21,6.16,4.06
1.5,Fair,I,SI2,68.1,59.0,6209,7.12,6.84,4.75
1.0,Fair,F,VS2,64.9,52.0,6210,6.24,6.33,4.08
1.32,Fair,E,SI2,65.2,58.0,6221,6.86,6.79,4.45
1.5,Fair,H,SI2,64.6,59.0,6250,7.2,7.11,4.62
1.0,Fair,E,VS2,57.4,58.0,6268,6.57,6.64,3.79
1.01,Fair,G,VS2,59.1,56.0,6271,6.55,6.52,3.86
1.01,Fair,F,VS2,61.1,60.0,6271,6.49,6.4,3.94
1.6,Fair,F,SI2,65.0,56.0,6272,7.35,7.26,4.8
1.0,Fair,E,VS2,57.3,64.0,6285,6.59,6.46,3.79
2.49,Fair,J,I1,66.3,58.0,6289,8.26,8.18,5.45
1.51,Fair,H,SI2,65.4,60.0,6291,7.06,6.96,4.6
1.51,Fair,H,SI2,64.5,59.0,6291,7.21,7.15,4.63
2.01,Fair,G,I1,70.2,57.0,6315,7.53,7.5,5.27
2.14,Fair,H,I1,66.4,56.0,6328,8.0,7.92,5.29
1.5,Fair,H,SI1,68.0,59.0,6340,7.12,6.82,4.76
2.02,Fair,G,I1,68.0,55.0,6346,7.77,7.72,5.27
2.02,Fair,G,I1,65.6,57.0,6346,7.87,7.8,5.15
1.01,Fair,G,VS1,64.6,60.0,6353,6.34,6.22,4.06
1.01,Fair,F,VS1,64.6,60.0,6366,6.26,6.16,4.01
1.01,Fair,D,VS2,65.3,58.0,6366,6.29,6.24,4.09
1.54,Fair,I,SI2,65.0,56.0,6375,7.22,7.14,4.67
2.03,Fair,G,I1,66.3,56.0,6377,7.81,7.75,5.16
1.14,Fair,G,VS1,57.5,67.0,6381,0.0,0.0,0.0
1.01,Fair,F,VS1,64.5,59.0,6391,6.27,6.19,4.02
1.0,Fair,F,VS1,65.3,59.0,6397,6.25,6.21,4.07
1.21,Fair,G,SI1,64.6,60.0,6397,6.69,6.62,4.3
1.49,Fair,H,I1,66.9,61.0,6425,6.93,6.89,4.62
1.45,Fair,F,SI2,64.4,58.0,6455,7.17,7.11,4.59
2.07,Fair,G,I1,67.7,56.0,6503,7.76,7.73,5.25
1.15,Fair,G,VS1,64.6,57.0,6530,6.6,6.5,4.23
2.0,Fair,F,I1,66.1,57.0,6532,7.84,7.7,5.14
1.5,Fair,G,SI2,68.5,66.0,6552,6.87,6.76,4.67
2.22,Fair,H,I1,70.1,55.0,6564,7.77,7.74,5.44
1.51,Fair,D,SI2,66.2,54.0,6596,7.19,7.08,4.72
2.1,Fair,G,I1,67.4,59.0,6597,7.82,7.76,5.24
2.1,Fair,G,I1,64.6,58.0,6597,8.05,8.01,5.19
1.91,Fair,H,SI2,64.6,56.0,6632,7.76,7.7,4.99
1.01,Fair,F,VS1,61.7,61.0,6651,6.6,6.49,4.04
2.25,Fair,H,I1,67.7,58.0,6653,8.01,7.97,5.41
1.53,Fair,J,VS2,64.7,58.0,6659,7.24,7.22,4.68
1.5,Fair,I,SI2,64.8,58.0,6717,7.05,7.15,4.6
1.43,Fair,I,VS1,50.8,60.0,6727,7.73,7.25,3.93
1.02,Fair,G,VVS2,64.6,59.0,6736,6.31,6.29,4.07
2.03,Fair,F,I1,65.6,56.0,6753,7.89,7.86,5.16
1.01,Fair,F,VS1,64.7,54.0,6759,6.33,6.28,4.08
2.0,Fair,J,I1,66.5,56.0,6796,7.93,7.8,5.23
1.17,Fair,E,VS2,64.5,56.0,6814,6.75,6.68,4.33
1.51,Fair,H,SI2,65.5,56.0,6816,7.18,7.13,4.69
2.17,Fair,G,I1,55.6,62.0,6817,8.75,8.69,4.8
1.5,Fair,H,SI1,65.0,57.0,6838,7.1,7.06,4.6
1.5,Fair,H,SI1,65.0,57.0,6838,7.1,7.06,4.6
2.32,Fair,H,I1,70.5,55.0,6860,7.93,7.9,5.58
1.02,Fair,F,VVS2,64.8,58.0,6863,6.22,6.28,4.05
2.72,Fair,J,I1,68.2,56.0,6870,8.46,8.43,5.76
1.83,Fair,H,I1,68.0,57.0,6887,7.47,7.44,5.07
1.52,Fair,I,SI2,64.7,58.0,6905,7.19,7.22,4.66
1.5,Fair,E,SI2,64.8,55.0,6922,7.26,7.15,4.67
1.51,Fair,J,SI1,63.4,60.0,6976,7.31,7.18,4.59
2.11,Fair,F,I1,67.6,57.0,7019,7.88,7.83,5.31
1.5,Fair,F,SI2,64.7,59.0,7056,7.13,7.05,4.59
1.5,Fair,F,SI2,65.3,57.0,7056,7.15,7.09,4.65
2.25,Fair,G,I1,64.9,58.0,7069,8.15,8.12,5.28
1.08,Fair,G,VS1,64.7,60.0,7076,6.44,6.41,4.16
1.59,Fair,I,SI2,65.2,58.0,7080,7.28,7.24,4.73
1.0,Fair,D,VS1,55.9,60.0,7083,6.77,6.71,4.38
1.16,Fair,F,VS1,57.8,67.0,7094,6.97,6.84,3.99
1.5,Fair,H,SI2,59.3,58.0,7098,7.31,7.37,4.35
2.27,Fair,G,I1,68.6,56.0,7131,7.99,7.94,5.47
0.5,Fair,F,I1,71.0,57.0,613,4.87,4.79,3.43
0.5,Fair,F,I1,68.4,54.0,613,4.94,4.82,3.35
1.51,Fair,J,VS1,65.2,56.0,7139,7.16,7.11,4.65
1.35,Fair,I,VS2,61.6,62.0,7182,7.15,7.1,4.39
1.52,Fair,J,VS1,65.4,58.0,7186,7.22,7.17,4.7
1.5,Fair,H,SI2,65.5,53.0,7187,7.14,7.11,4.67
1.51,Fair,H,VS2,65.6,56.0,7188,7.08,4.7,4.0
1.5,Fair,H,SI1,65.9,56.0,7211,7.11,7.04,4.66
1.42,Fair,G,VS2,59.6,66.0,7214,7.31,7.23,4.33
2.31,Fair,G,I1,67.4,56.0,7257,8.05,7.99,5.41
2.0,Fair,F,I1,64.9,57.0,7258,7.99,7.82,5.14
1.05,Fair,G,VS1,65.6,58.0,7283,6.25,6.38,4.13
1.24,Fair,D,SI1,55.6,67.0,7291,7.27,7.11,4.0
2.01,Fair,F,I1,58.7,66.0,7294,8.3,8.19,4.84
1.5,Fair,G,SI1,56.1,62.0,7300,7.6,7.52,4.24
1.52,Fair,I,VVS2,64.9,56.0,7303,7.28,7.21,4.7
1.58,Fair,H,SI1,64.7,58.0,7333,7.28,7.22,4.69
1.13,Fair,F,VS1,64.5,55.0,7335,6.62,6.56,4.25
1.44,Fair,H,VS1,58.1,69.0,7338,7.49,7.34,4.32
1.52,Fair,H,SI2,64.9,58.0,7388,7.23,7.19,4.68
1.52,Fair,H,SI2,65.0,57.0,7388,7.12,7.09,4.62
1.0,Fair,E,VS1,64.4,55.0,7392,6.33,6.3,4.07
1.52,Fair,H,SI1,64.6,55.0,7433,7.24,7.19,4.66
1.5,Fair,E,SI2,65.8,57.0,7459,7.17,7.11,4.7
1.51,Fair,E,SI1,67.2,53.0,7468,7.15,7.1,4.79
1.5,Fair,D,SI2,68.8,57.0,7469,6.9,6.86,4.73
0.31,Fair,F,SI1,64.7,56.0,618,4.28,4.25,2.76
1.5,Fair,H,VVS2,65.8,57.0,7476,7.19,7.15,4.72
1.51,Fair,H,SI1,55.8,61.0,7509,7.72,7.63,4.28
1.51,Fair,H,VS2,64.9,53.0,7534,7.28,7.24,4.71
1.0,Fair,E,VVS2,56.8,58.0,7553,6.59,6.64,3.76
1.5,Fair,E,SI2,69.6,62.0,7560,6.88,6.79,4.76
1.5,Fair,F,SI2,65.4,58.0,7644,7.17,7.1,4.67
1.12,Fair,D,VS2,58.9,59.0,7696,6.84,6.77,4.01
1.52,Fair,D,SI2,56.3,61.0,7702,7.7,7.62,4.31
1.54,Fair,I,SI2,64.6,56.0,7727,7.3,7.26,4.7
1.52,Fair,I,SI1,64.6,58.0,7746,7.24,7.21,4.68
1.5,Fair,J,VS1,60.1,61.0,7819,7.25,7.3,4.37
1.5,Fair,H,SI1,66.1,57.0,7832,7.06,6.98,4.64
1.54,Fair,F,SI2,64.4,60.0,7848,7.26,7.16,4.64
2.5,Fair,G,I1,64.7,57.0,7854,8.48,8.44,5.47
1.5,Fair,I,SI1,56.7,63.0,7912,7.52,7.57,4.28
1.0,Fair,E,VVS2,65.4,56.0,7918,6.28,6.2,4.08
1.43,Fair,E,SI1,65.1,56.0,7928,7.1,7.03,4.61
2.2,Fair,I,I1,66.3,56.0,7934,8.05,8.0,5.32
1.56,Fair,G,SI2,64.8,59.0,7950,7.38,7.19,4.72
1.56,Fair,I,SI1,64.6,62.0,7950,7.26,7.23,4.68
1.02,Fair,F,VVS1,64.6,59.0,7960,6.31,6.26,4.06
1.5,Fair,G,SI2,64.7,55.0,7972,7.16,7.13,4.62
1.52,Fair,H,SI1,65.3,58.0,8001,7.14,7.1,4.65
1.51,Fair,H,SI1,66.5,56.0,8010,7.03,6.99,4.66
2.0,Fair,I,SI2,66.8,55.0,8037,7.75,7.71,5.16
1.5,Fair,H,VS1,64.8,55.0,8044,7.25,7.2,4.68
3.0,Fair,H,I1,67.1,57.0,8044,8.93,8.84,5.97
2.0,Fair,H,I1,66.8,57.0,8064,7.81,7.72,5.19
1.57,Fair,H,VS1,67.3,66.0,8133,7.85,5.75,3.87
1.5,Fair,E,SI2,59.9,68.0,8190,7.39,7.3,4.4
1.4,Fair,F,VS2,66.5,56.0,8216,6.83,6.76,4.52
1.51,Fair,H,SI1,65.8,62.0,8260,7.1,7.06,4.66
1.72,Fair,D,SI2,64.6,58.0,8264,7.53,7.46,4.84
1.51,Fair,F,SI2,61.8,66.0,8287,7.18,7.16,4.43
1.51,Fair,I,VS2,64.6,58.0,8287,7.19,7.15,4.63
1.51,Fair,I,SI1,68.3,57.0,8355,6.95,6.87,4.72
1.81,Fair,J,SI1,56.2,62.0,8362,8.14,8.09,4.56
1.51,Fair,F,SI1,65.8,56.0,8387,7.16,7.12,4.7
1.01,Fair,E,VVS1,66.1,55.0,8529,6.19,6.1,4.06
1.9,Fair,H,SI2,67.1,64.0,8576,7.57,7.52,5.06
1.5,Fair,G,SI1,65.5,58.0,8627,7.16,7.12,4.68
1.6,Fair,D,SI2,64.7,58.0,8666,7.35,7.28,4.73
1.52,Fair,H,VS2,62.1,66.0,8674,7.33,7.13,4.5
1.51,Fair,G,SI1,65.0,59.0,8681,6.99,7.07,4.57
2.5,Fair,G,I1,65.1,59.0,8711,8.55,8.39,5.53
1.71,Fair,F,SI2,64.9,57.0,8714,7.51,7.41,4.84
1.01,Fair,D,VVS2,65.4,57.0,8716,6.2,6.16,4.04
2.0,Fair,I,SI2,69.1,56.0,8736,7.84,7.7,5.37
1.49,Fair,F,SI1,59.6,63.0,8779,7.2,7.34,4.33
1.51,Fair,G,VS2,56.0,65.0,8794,7.68,7.57,4.27
1.51,Fair,G,SI2,65.5,55.0,8794,7.14,7.08,4.66
1.71,Fair,I,SI2,65.1,60.0,8800,7.5,7.46,4.87
2.74,Fair,J,I1,64.9,61.0,8807,8.76,8.66,5.65
1.52,Fair,H,SI1,61.2,60.0,8818,7.39,7.29,4.49
1.51,Fair,E,SI1,65.3,62.0,8869,7.16,7.09,4.65
1.51,Fair,I,VS2,64.8,60.0,8879,7.18,7.1,4.63
1.52,Fair,F,SI2,56.3,64.0,8938,7.68,7.62,4.31
1.64,Fair,E,SI2,63.1,60.0,8954,7.58,7.5,4.75
1.53,Fair,I,VS2,57.7,69.0,8996,7.6,7.51,4.36
1.55,Fair,H,SI2,64.6,58.0,9045,7.28,7.21,4.68
2.02,Fair,J,SI2,67.5,59.0,9095,7.76,7.65,5.2
1.51,Fair,I,VS2,58.8,62.0,9116,7.57,7.51,4.43
1.51,Fair,D,SI1,64.1,60.0,9293,7.18,7.11,4.58
1.76,Fair,J,VS1,56.9,66.0,9314,8.09,7.94,4.56
1.51,Fair,H,SI1,65.4,59.0,9386,7.17,7.11,4.67
1.51,Fair,H,VS2,65.0,64.0,9452,7.1,7.03,4.59
2.0,Fair,H,SI2,68.7,55.0,9549,7.9,7.67,5.35
1.51,Fair,D,SI2,64.7,57.0,9555,7.17,7.24,4.66
2.0,Fair,I,SI2,65.0,57.0,9610,8.01,7.96,5.19
1.51,Fair,H,VS2,57.4,61.0,9678,7.49,7.63,4.34
1.7,Fair,H,SI2,64.5,55.0,9682,7.58,7.52,4.87
1.52,Fair,D,SI1,64.6,64.0,9704,7.18,7.16,4.63
0.5,Fair,F,I1,67.1,57.0,627,4.92,4.87,3.28
0.5,Fair,F,I1,68.3,58.0,627,4.91,4.78,3.32
2.04,Fair,I,SI2,66.6,56.0,9802,7.8,7.77,5.19
3.11,Fair,J,I1,65.9,57.0,9823,9.15,9.02,5.98
2.02,Fair,J,SI2,64.6,55.0,9853,7.93,7.84,5.09
1.7,Fair,F,SI2,64.5,57.0,9996,7.55,7.51,4.86
1.01,Fair,D,SI2,64.6,58.0,10011,6.25,6.2,4.02
2.52,Fair,G,I1,66.9,57.0,10076,8.39,8.33,5.6
1.5,Fair,E,SI2,66.3,60.0,10080,7.09,7.02,4.68
2.01,Fair,H,SI2,64.9,56.0,10184,7.88,7.81,5.09
2.01,Fair,H,SI2,64.9,56.0,10184,7.88,7.81,5.09
1.5,Fair,H,VS2,65.2,58.0,10206,7.12,7.06,4.62
1.55,Fair,F,SI1,59.7,66.0,10217,7.59,7.47,4.49
1.5,Fair,G,SI1,64.5,57.0,10352,7.15,7.09,4.59
1.5,Fair,D,SI1,65.1,59.0,10374,7.1,7.01,4.59
0.31,Fair,G,VVS2,65.5,58.0,629,4.25,4.24,2.78
1.5,Fair,F,SI1,64.3,58.0,10450,7.04,7.09,4.54
2.0,Fair,I,SI2,65.2,59.0,10483,7.74,7.69,5.03
2.0,Fair,I,SI2,67.7,57.0,10483,7.88,7.64,5.26
1.51,Fair,G,VS2,58.1,67.0,10553,7.59,7.49,4.38
1.0,Fair,D,VVS2,61.1,57.0,10562,6.37,6.3,3.87
3.02,Fair,I,I1,65.2,56.0,10577,9.11,9.02,5.91
1.52,Fair,G,VS2,55.2,66.0,10623,7.72,7.67,4.26
1.5,Fair,G,VS2,66.2,53.0,10644,7.12,7.08,4.7
2.01,Fair,I,SI2,66.5,61.0,10671,7.81,7.75,5.17
2.01,Fair,I,SI2,66.9,58.0,10711,7.93,7.69,5.21
0.3,Fair,E,SI1,64.5,49.0,630,4.28,4.25,2.75
1.0,Fair,D,VVS1,56.7,68.0,10752,6.66,6.64,3.77
2.0,Fair,H,SI2,65.3,55.0,10752,7.88,7.79,5.12
3.01,Fair,H,I1,56.1,62.0,10761,9.54,9.38,5.31
2.01,Fair,H,SI2,65.3,56.0,10772,7.95,7.86,5.16
2.01,Fair,H,SI2,66.7,56.0,10772,7.8,7.76,5.19
2.0,Fair,I,SI2,65.9,57.0,10833,7.96,7.79,5.19
2.01,Fair,G,SI2,65.9,57.0,10887,7.85,7.78,5.15
2.01,Fair,G,SI2,65.9,57.0,10887,7.85,7.78,5.15
2.0,Fair,H,SI2,67.9,55.0,10913,7.67,7.58,5.18
1.54,Fair,F,SI1,65.8,56.0,10954,7.22,7.18,4.74
1.5,Fair,H,VS1,61.7,60.0,11007,7.37,7.27,4.52
0.3,Fair,E,VS2,66.7,59.0,630,4.23,4.05,2.78
1.51,Fair,E,SI1,58.4,70.0,11102,7.55,7.39,4.36
1.5,Fair,E,SI1,58.2,66.0,11128,7.45,7.4,4.32
1.5,Fair,F,SI1,64.6,60.0,11154,7.18,7.1,4.61
2.0,Fair,G,SI2,65.1,54.0,11156,7.88,7.82,5.11
2.01,Fair,E,SI2,65.5,56.0,11156,7.84,7.79,5.12
2.0,Fair,J,SI1,66.4,55.0,11189,7.82,7.67,5.15
2.0,Fair,H,SI2,55.3,65.0,11202,8.42,8.35,4.64
2.01,Fair,J,SI1,64.4,61.0,11212,7.74,7.78,5.0
1.51,Fair,H,VS1,58.0,67.0,11263,7.63,7.57,4.41
2.0,Fair,I,VS1,58.5,68.0,11322,8.26,8.15,4.8
2.0,Fair,G,SI2,65.1,57.0,11355,7.84,7.78,5.09
1.5,Fair,E,SI1,56.2,58.0,11489,7.71,7.6,4.3
2.0,Fair,H,SI2,65.2,55.0,11600,7.9,7.85,5.13
2.0,Fair,H,SI2,64.5,56.0,11655,7.93,7.86,5.09
3.65,Fair,H,I1,67.1,53.0,11668,9.53,9.48,6.38
1.51,Fair,G,VS1,64.9,55.0,11739,7.25,7.14,4.67
2.1,Fair,G,SI2,65.0,56.0,11923,8.09,7.98,5.21
2.0,Fair,G,SI1,65.5,58.0,11935,7.82,7.73,5.09
2.1,Fair,G,SI2,61.4,66.0,11946,8.26,8.19,5.05
2.0,Fair,J,VS2,65.4,58.0,11966,7.96,7.75,5.14
1.91,Fair,I,VS1,59.5,68.0,12244,8.1,7.91,4.78
2.01,Fair,G,SI2,56.2,63.0,12450,8.28,8.23,4.64
2.04,Fair,E,SI2,67.4,56.0,12454,7.8,7.76,5.24
2.58,Fair,F,SI2,65.2,59.0,12500,8.58,8.51,5.57
2.22,Fair,G,SI2,64.4,58.0,12508,8.32,8.15,5.3
2.0,Fair,H,SI2,65.9,58.0,12554,7.84,7.8,5.15
1.54,Fair,E,SI1,64.7,56.0,12581,7.28,7.22,4.69
2.02,Fair,I,SI2,64.5,60.0,12592,7.94,7.82,5.08
1.5,Fair,D,VS2,65.4,53.0,12606,7.12,7.1,4.65
2.0,Fair,F,SI2,59.8,68.0,12610,8.13,7.95,4.81
2.01,Fair,H,SI2,65.9,57.0,12617,7.8,7.74,5.12
0.32,Fair,F,SI1,64.4,54.0,638,4.36,4.33,2.8
2.11,Fair,G,SI2,65.0,56.0,12633,8.06,8.01,5.22
1.32,Fair,F,VVS1,58.0,66.0,12648,7.31,7.28,4.23
2.0,Fair,H,VS2,65.2,56.0,12765,7.92,7.87,5.15
1.5,Fair,G,VS2,64.4,56.0,12787,7.16,7.09,4.59
2.04,Fair,E,SI2,65.4,55.0,12799,7.87,7.93,5.17
2.29,Fair,J,SI1,56.8,66.0,12811,8.79,8.69,4.96
1.51,Fair,E,VS2,65.0,58.0,12829,7.06,7.12,4.61
2.0,Fair,I,VS1,66.3,54.0,12907,7.98,7.88,5.26
1.98,Fair,H,VS1,58.3,69.0,12923,8.28,8.17,4.8
1.51,Fair,G,VS1,60.8,66.0,12948,7.35,7.25,4.44
2.1,Fair,G,SI2,65.2,56.0,13007,7.97,7.93,5.19
2.07,Fair,D,SI2,64.5,60.0,13016,7.99,7.88,5.12
2.5,Fair,H,SI2,64.9,58.0,13278,8.46,8.43,5.48
2.5,Fair,H,SI2,64.9,58.0,13278,8.46,8.43,5.48
2.13,Fair,H,SI2,64.5,58.0,13370,8.09,8.01,5.19
2.01,Fair,F,SI1,58.6,95.0,13387,8.32,8.31,4.87
2.02,Fair,J,VS1,64.6,59.0,13399,7.95,7.9,5.12
2.0,Fair,H,SI1,65.1,59.0,13442,7.83,7.77,5.08
2.02,Fair,H,SI1,66.3,57.0,13502,7.71,7.79,5.14
1.5,Fair,G,VVS2,64.8,56.0,13553,7.18,7.12,4.63
0.3,Fair,E,VS1,56.3,62.0,640,4.47,4.49,2.52
2.01,Fair,H,SI2,65.8,63.0,13587,7.77,7.68,5.08
2.01,Fair,H,SI2,61.2,66.0,13587,8.21,8.09,4.98
1.72,Fair,F,SI1,64.8,58.0,13622,7.5,7.46,4.85
2.29,Fair,J,VS2,57.0,66.0,13701,8.8,8.6,4.98
2.01,Fair,G,SI2,65.0,60.0,13721,7.8,7.73,5.05
2.01,Fair,J,VS2,64.9,60.0,13744,7.82,7.78,5.06
2.0,Fair,I,SI1,65.9,60.0,13764,7.8,7.73,5.12
2.0,Fair,H,SI1,61.2,50.0,13764,8.17,8.08,4.97
2.14,Fair,F,SI2,64.8,60.0,13825,8.11,8.0,5.22
2.52,Fair,H,SI2,65.4,59.0,13846,8.49,8.42,5.53
1.5,Fair,F,VS2,65.3,57.0,13853,7.15,7.12,4.66
2.02,Fair,H,SI2,56.5,61.0,14080,8.33,8.37,4.72
2.5,Fair,G,SI2,67.0,57.0,14194,8.36,8.29,5.58
2.0,Fair,H,VS1,66.0,56.0,14199,7.79,7.72,5.12
2.0,Fair,G,SI2,66.5,56.0,14208,7.75,7.7,5.14
2.01,Fair,J,VS1,66.6,54.0,14402,7.76,7.92,5.22
2.0,Fair,H,SI1,65.1,56.0,14430,7.86,7.77,5.09
0.4,Fair,D,SI1,65.1,55.0,644,4.63,4.68,3.03
2.03,Fair,H,SI1,65.4,58.0,14646,7.91,7.88,5.16
2.5,Fair,J,SI2,66.9,58.0,14652,8.36,8.22,5.55
2.03,Fair,G,SI2,64.9,59.0,14687,7.85,7.99,5.14
2.06,Fair,J,VS1,64.6,58.0,14750,7.91,8.04,5.15
2.01,Fair,G,SI2,63.8,59.0,14799,7.77,7.87,4.99
1.7,Fair,G,VS2,64.5,58.0,14860,7.51,7.43,4.82
2.01,Fair,E,SI2,62.1,66.0,14948,7.99,7.92,4.94
2.43,Fair,G,SI2,64.5,57.0,14975,8.41,8.36,5.41
2.48,Fair,I,SI2,56.7,66.0,15030,8.88,8.64,4.99
1.51,Fair,D,VS2,66.0,57.0,15152,7.17,7.08,4.7
2.11,Fair,I,SI1,67.2,60.0,15282,7.86,7.8,5.26
2.0,Fair,E,SI1,65.7,60.0,15330,7.7,7.8,5.09
2.0,Fair,F,SI2,70.2,57.0,15351,7.63,7.59,5.34
2.0,Fair,E,SI2,59.9,61.0,15540,8.16,8.04,4.86
2.0,Fair,D,SI1,64.8,58.0,15540,7.98,7.89,5.14
2.01,Fair,G,SI2,65.6,56.0,15562,7.89,7.84,6.16
1.5,Fair,E,VS1,65.4,57.0,15584,7.14,7.07,4.65
2.01,Fair,D,SI2,59.4,66.0,15627,8.2,8.17,4.86
2.02,Fair,H,SI1,56.2,61.0,15695,8.8,8.33,4.81
2.01,Fair,I,VS2,66.3,57.0,15729,7.79,7.74,5.15
2.0,Fair,H,SI1,65.6,58.0,15762,7.92,7.76,5.15
2.52,Fair,J,SI2,65.1,56.0,15776,8.51,8.43,5.51
2.4,Fair,J,SI2,65.4,56.0,15824,8.35,8.29,5.44
2.1,Fair,F,SI2,64.7,61.0,15827,7.97,7.92,5.14
2.01,Fair,H,VS2,66.1,53.0,15888,7.82,7.92,5.2
3.4,Fair,D,I1,66.8,52.0,15964,9.42,9.34,6.27
2.01,Fair,D,SI2,66.9,57.0,16086,7.87,7.76,5.23
2.03,Fair,F,SI1,65.4,58.0,16280,7.9,7.84,5.15
1.5,Fair,F,VVS2,64.7,53.0,16364,7.22,7.15,4.65
2.02,Fair,D,SI1,65.0,55.0,16386,7.94,7.84,5.13
2.1,Fair,F,SI2,59.5,69.0,16506,8.35,8.25,4.94
3.0,Fair,I,SI2,64.8,59.0,16970,8.93,8.73,5.72
2.6,Fair,G,SI2,64.6,57.0,17027,8.6,8.55,5.54
2.53,Fair,H,SI2,64.6,59.0,17103,8.54,8.45,5.4
4.13,Fair,H,I1,64.8,61.0,17329,10.0,9.85,6.43
2.5,Fair,F,SI2,65.8,58.0,17405,8.38,8.31,5.49
2.05,Fair,I,VS1,67.7,58.0,17408,7.74,7.68,5.22
1.99,Fair,H,VS2,60.5,63.0,17713,8.2,8.11,4.93
2.01,Fair,G,VS2,67.5,55.0,17917,7.7,7.79,5.23
1.93,Fair,F,VS1,58.9,62.0,17995,8.17,7.97,4.75
5.01,Fair,J,I1,65.5,59.0,18018,10.74,10.54,6.98
2.32,Fair,H,SI1,62.0,62.0,18026,8.47,8.31,5.2
3.01,Fair,I,SI2,65.8,56.0,18242,8.99,8.94,5.9
3.01,Fair,I,SI2,65.8,56.0,18242,8.99,8.94,5.9
2.51,Fair,H,SI2,64.7,57.0,18308,8.44,8.5,5.48
2.0,Fair,G,VS2,67.6,58.0,18515,7.65,7.61,5.16
4.5,Fair,J,I1,65.8,58.0,18531,10.23,10.16,6.72
2.02,Fair,H,VS2,64.5,57.0,18565,8.0,7.95,5.14
2.01,Fair,G,SI1,70.6,64.0,18574,7.43,6.64,4.69
0.41,Fair,H,SI1,65.4,61.0,659,4.51,4.63,2.99
0.3,Fair,F,VS2,64.5,55.0,662,4.31,4.19,2.74
0.25,Fair,E,VS1,55.2,64.0,361,4.21,4.23,2.33
0.3,Fair,G,VS1,64.4,61.0,673,4.2,4.16,2.69
0.42,Fair,D,SI1,64.7,61.0,675,4.7,4.73,3.05
0.33,Fair,F,VVS2,65.7,54.0,693,4.37,4.3,2.85
0.31,Fair,G,VS1,64.6,55.0,695,4.31,4.26,2.77
0.5,Fair,G,I1,64.6,60.0,701,5.04,4.96,3.23
0.4,Fair,H,VS2,65.1,59.0,704,4.58,4.63,3.0
0.5,Fair,F,I1,63.8,58.0,713,5.08,4.97,3.21
0.47,Fair,F,SI2,67.6,57.0,719,4.81,4.72,3.23
0.4,Fair,G,VS2,64.6,55.0,722,4.62,4.64,2.99
0.5,Fair,G,I1,64.9,57.0,727,5.01,4.97,3.24
0.5,Fair,G,I1,65.2,56.0,727,4.95,4.89,3.21
0.3,Fair,F,VS2,56.3,64.0,729,4.44,4.39,2.5
0.41,Fair,I,VS1,65.3,58.0,735,4.62,4.66,3.03
0.35,Fair,E,VVS2,66.2,61.0,738,4.4,4.36,2.9
0.35,Fair,E,VVS2,66.2,58.0,738,4.41,4.35,2.9
0.31,Fair,F,VVS1,63.1,61.0,740,4.32,4.37,2.74
0.3,Fair,F,VVS2,65.5,61.0,743,4.19,4.15,2.73
0.45,Fair,G,SI1,68.6,57.0,756,4.73,4.5,3.19
0.31,Fair,F,VVS2,56.9,59.0,757,4.45,4.48,2.54
0.23,Fair,G,VVS2,61.4,66.0,369,3.87,3.91,2.39
0.27,Fair,E,VS1,66.4,58.0,371,3.99,4.02,2.66
0.3,Fair,D,VVS2,65.2,59.0,772,4.2,4.18,2.73
0.3,Fair,F,VS2,65.4,55.0,776,4.25,4.22,2.77
0.3,Fair,G,VVS1,58.6,66.0,790,4.36,4.41,2.57
0.45,Fair,F,SI1,66.8,59.0,794,4.79,4.63,3.16
0.45,Fair,F,SI1,57.9,66.0,794,5.08,4.98,2.91
0.4,Fair,G,VS1,57.1,64.0,798,4.88,4.9,2.79
0.3,Fair,E,VS1,64.5,56.0,799,4.26,4.2,2.73
0.36,Fair,F,VS1,55.3,67.0,810,4.79,4.72,2.63
0.4,Fair,E,VS2,64.7,58.0,813,4.63,4.67,3.01
0.31,Fair,E,VS2,54.2,63.0,814,4.61,4.51,2.47
0.34,Fair,F,VS2,64.7,55.0,816,4.52,4.41,2.89
0.41,Fair,E,SI2,64.7,55.0,818,4.7,4.67,3.03
0.3,Fair,G,VVS2,64.4,58.0,819,4.21,4.17,2.7
0.5,Fair,F,I1,57.5,66.0,827,5.3,5.17,3.01
0.47,Fair,E,SI1,65.2,59.0,828,4.75,4.82,3.12
0.47,Fair,E,SI1,67.9,56.0,829,4.84,4.65,3.24
0.46,Fair,H,VS2,65.6,58.0,830,4.8,4.84,3.16
0.41,Fair,G,VVS2,64.7,56.0,833,4.68,4.72,3.04
0.4,Fair,G,SI1,64.7,55.0,840,4.68,4.65,3.02
0.5,Fair,E,SI2,58.0,67.0,851,5.26,5.17,3.02
0.46,Fair,I,VS2,66.8,55.0,855,4.82,4.77,3.2
0.4,Fair,F,SI1,64.7,58.0,857,4.67,4.63,3.01
0.5,Fair,E,SI2,68.6,56.0,871,4.87,4.75,3.3
0.32,Fair,D,VVS1,62.4,61.0,875,4.38,4.44,2.75
0.58,Fair,F,I1,65.8,56.0,893,5.23,5.12,3.41
0.58,Fair,F,I1,66.3,55.0,893,5.18,5.1,3.41
0.59,Fair,G,I1,64.6,56.0,903,5.26,5.2,3.38
0.48,Fair,E,SI2,55.2,60.0,907,5.29,5.25,2.91
0.46,Fair,G,SI1,63.4,68.0,911,4.88,4.8,3.07
0.47,Fair,I,VS2,57.1,61.0,919,5.11,5.15,2.93
0.33,Fair,H,VVS2,65.1,59.0,922,4.4,4.32,2.84
0.45,Fair,F,VS2,67.0,56.0,923,4.77,4.7,3.17
0.5,Fair,F,SI2,65.8,57.0,938,4.97,4.83,3.23
0.3,Fair,E,VVS2,51.0,67.0,945,4.67,4.62,2.37
0.45,Fair,F,VS1,66.9,54.0,945,4.85,4.75,3.21
0.7,Fair,F,I1,63.9,59.0,945,5.64,5.5,3.57
0.5,Fair,E,SI2,64.7,57.0,945,4.98,4.88,3.19
0.5,Fair,J,VS1,66.8,57.0,949,4.89,4.84,3.25
0.45,Fair,E,VS2,65.8,58.0,951,4.81,4.74,3.14
0.7,Fair,G,I1,67.3,57.0,956,5.53,5.38,3.68
0.7,Fair,G,I1,67.3,59.0,956,5.51,5.45,3.69
0.7,Fair,G,I1,65.2,58.0,956,5.57,5.49,3.61
0.7,Fair,G,I1,64.3,62.0,956,5.59,5.49,3.57
0.7,Fair,G,I1,66.7,55.0,956,5.64,5.49,3.71
0.4,Fair,G,SI1,59.9,67.0,960,4.81,4.77,2.87
0.5,Fair,I,VS1,66.9,56.0,969,4.85,4.81,3.23
0.46,Fair,I,VS1,65.6,57.0,972,4.85,4.82,3.17
0.52,Fair,F,SI2,56.3,59.0,975,5.41,5.35,3.03
0.7,Fair,G,I1,68.3,56.0,978,5.52,5.4,3.73
0.45,Fair,E,VS2,66.9,60.0,980,4.78,4.71,3.18
0.46,Fair,F,VS2,66.0,58.0,982,4.9,4.76,3.19
0.43,Fair,H,SI1,62.7,66.0,984,4.78,4.72,2.98
0.46,Fair,F,SI1,66.3,56.0,984,4.86,4.79,3.2
0.7,Fair,F,I1,65.4,59.0,992,5.6,5.49,3.63
0.7,Fair,F,I1,70.8,56.0,992,5.38,5.33,3.79
0.7,Fair,F,I1,66.5,62.0,992,5.54,5.49,3.67
0.48,Fair,F,SI1,56.4,59.0,994,5.28,5.26,2.97
0.5,Fair,F,SI1,66.5,59.0,994,5.01,4.91,3.3
0.5,Fair,F,SI1,65.1,59.0,994,5.01,4.92,3.23
0.51,Fair,J,VS2,65.3,55.0,996,4.97,4.96,3.24
0.31,Fair,D,VVS2,54.2,65.0,997,4.61,4.58,2.49
0.7,Fair,G,I1,66.9,55.0,1001,5.6,5.52,3.72
0.46,Fair,G,VS2,65.3,56.0,1002,4.83,4.76,3.13
0.46,Fair,F,SI1,64.9,58.0,1003,4.81,4.77,3.11
0.35,Fair,F,VVS1,54.6,59.0,1011,4.85,4.79,2.63
0.35,Fair,D,VVS2,53.2,62.0,1011,4.87,4.8,2.57
0.34,Fair,E,VVS1,54.0,56.0,1012,4.8,4.76,2.58
0.25,Fair,F,SI2,54.4,64.0,1013,4.3,4.23,2.32
0.7,Fair,I,I1,66.3,63.0,1014,5.58,5.43,3.66
0.45,Fair,G,VS1,66.3,56.0,1027,4.82,4.65,3.14
0.52,Fair,J,VS2,65.3,56.0,1030,5.05,5.0,3.28
0.5,Fair,F,SI2,65.5,54.0,1031,5.06,4.92,3.25
0.5,Fair,F,SI2,65.5,54.0,1031,5.06,4.92,3.25
0.5,Fair,G,VS2,65.7,57.0,1031,4.97,4.9,3.24
0.6,Fair,E,SI2,66.5,56.0,1033,5.31,5.21,3.5
0.5,Fair,G,SI2,65.6,56.0,1035,4.99,4.92,3.25
0.46,Fair,G,VS1,58.0,66.0,1035,5.08,5.03,2.93
0.45,Fair,F,VS2,64.2,58.0,1037,4.9,4.75,3.1
0.34,Fair,F,VVS1,55.2,59.0,1040,4.72,4.77,2.62
0.73,Fair,I,I1,70.8,55.0,1049,5.51,5.34,3.84
0.39,Fair,E,VS2,65.4,57.0,1049,4.61,4.54,2.99
0.5,Fair,G,SI1,65.0,59.0,1050,4.99,4.97,3.24
0.51,Fair,F,SI1,65.6,54.0,1052,5.07,5.02,3.31
0.7,Fair,H,I1,66.5,57.0,1058,5.51,5.4,3.64
0.59,Fair,H,SI2,64.5,57.0,1059,5.37,5.16,3.42
0.7,Fair,J,I1,64.7,59.0,1066,5.59,5.5,3.59
0.4,Fair,E,VVS2,57.3,60.0,1069,4.84,4.89,2.79
0.7,Fair,G,I1,60.4,58.0,1069,5.74,5.68,3.45
0.7,Fair,G,I1,67.5,55.0,1069,5.59,5.37,3.71
0.7,Fair,G,I1,62.5,59.0,1069,5.65,5.48,3.48
0.5,Fair,F,SI1,64.7,60.0,1069,4.99,4.84,3.18
0.46,Fair,E,VS2,66.8,61.0,1070,4.84,4.71,3.2
0.51,Fair,G,SI1,65.2,55.0,1071,5.04,5.02,3.28
0.47,Fair,E,VS2,56.3,64.0,1075,5.19,5.14,2.91
0.5,Fair,H,SI1,62.3,60.0,1078,5.09,5.06,3.16
0.45,Fair,F,VS2,64.3,59.0,1080,4.8,4.75,3.07
0.47,Fair,G,SI1,58.4,60.0,1086,5.16,5.12,3.0
0.7,Fair,F,I1,66.2,59.0,1087,5.59,5.4,3.65
0.58,Fair,F,SI2,64.7,56.0,1088,5.31,5.24,3.41
0.41,Fair,D,VVS2,64.5,57.0,1089,4.68,4.65,3.01
0.7,Fair,G,I1,68.6,59.0,1092,5.45,5.31,3.7
0.5,Fair,H,SI1,64.9,54.0,1094,5.01,4.98,3.24
0.5,Fair,E,SI1,66.5,58.0,1098,4.87,4.9,3.25
0.62,Fair,J,SI1,65.4,59.0,1101,5.39,5.28,3.49
0.45,Fair,F,VS2,65.8,55.0,1102,4.81,4.73,3.14
0.5,Fair,G,SI1,67.1,59.0,1103,4.96,4.84,3.29
0.73,Fair,H,I1,66.2,56.0,1104,5.62,5.46,3.69
0.43,Fair,E,VS2,60.5,59.0,1107,4.92,4.9,2.97
0.51,Fair,D,SI2,66.5,58.0,1109,4.95,4.89,3.27
0.5,Fair,E,SI2,59.8,66.0,1114,5.18,5.09,3.07
0.54,Fair,F,SI1,61.4,66.0,1114,5.24,5.18,3.2
0.5,Fair,E,SI1,65.1,58.0,1114,5.04,4.94,3.25
0.7,Fair,G,I1,64.6,59.0,1115,5.64,5.48,3.6
0.5,Fair,H,VS2,62.4,69.0,1122,5.07,4.99,3.14
0.39,Fair,G,IF,57.1,61.0,1127,4.83,4.88,2.77
0.57,Fair,F,SI1,65.8,58.0,1133,5.2,5.1,3.39
0.7,Fair,F,I1,64.9,59.0,1134,5.58,5.53,3.61
0.5,Fair,H,VS1,67.1,58.0,1134,4.94,4.89,3.3
0.5,Fair,H,VS1,66.6,58.0,1134,4.95,4.84,3.26
0.5,Fair,E,SI1,65.3,58.0,1134,4.99,4.91,3.23
0.5,Fair,H,VS1,66.3,55.0,1136,4.86,4.91,3.24
0.7,Fair,G,I1,65.3,59.0,1138,5.5,5.47,3.58
0.7,Fair,H,I1,62.1,66.0,1138,5.56,5.52,3.44
0.76,Fair,H,I1,64.5,57.0,1140,5.79,5.76,3.73
0.5,Fair,E,SI2,65.2,57.0,1141,4.96,4.91,3.22
0.7,Fair,I,I1,68.6,57.0,1147,5.46,5.34,3.71
0.72,Fair,G,I1,65.1,57.0,1147,5.65,5.55,3.65
0.3,Fair,F,SI1,63.1,58.0,496,4.3,4.22,2.69
0.34,Fair,J,SI1,64.5,57.0,497,4.38,4.36,2.82
0.5,Fair,H,VS1,66.5,60.0,1155,4.93,4.85,3.25
0.5,Fair,F,SI2,61.1,67.0,1156,5.07,5.04,3.09
0.58,Fair,D,SI2,65.1,58.0,1156,5.25,5.22,3.41
0.7,Fair,F,I1,65.9,57.0,1158,5.64,5.5,3.67
0.73,Fair,F,I1,66.9,54.0,1158,5.62,5.54,3.74
0.51,Fair,G,SI1,64.5,56.0,1160,5.06,5.01,3.25
0.37,Fair,F,IF,52.3,61.0,1166,4.96,4.91,2.58
0.46,Fair,D,VS1,67.3,61.0,1166,4.81,4.71,3.21
0.61,Fair,J,VS2,58.2,56.0,1174,5.74,5.49,3.27
0.5,Fair,H,VS2,65.1,59.0,1175,5.02,5.06,3.28
0.73,Fair,I,I1,66.1,58.0,1175,5.63,5.5,3.68
0.56,Fair,F,SI1,61.6,61.0,1176,5.38,5.21,3.26
0.5,Fair,E,SI1,65.0,58.0,1176,4.98,4.9,3.21
0.5,Fair,F,SI1,64.7,57.0,1181,4.99,4.94,3.21
0.5,Fair,E,VS2,65.0,58.0,1188,4.96,4.92,3.21
0.51,Fair,F,SI1,65.2,57.0,1193,5.03,5.09,3.3
0.5,Fair,E,SI1,66.4,58.0,1196,4.98,4.87,3.27
0.6,Fair,G,SI1,65.7,55.0,1197,5.31,5.23,3.46
0.3,Fair,D,IF,60.5,57.0,1208,4.47,4.35,2.67
0.48,Fair,E,VS2,64.9,54.0,1215,4.94,4.92,3.2
0.5,Fair,F,VS2,64.9,58.0,1225,4.99,4.9,3.21
0.45,Fair,H,VVS2,65.8,56.0,1227,4.82,4.7,3.13
0.59,Fair,I,VS1,64.4,59.0,1229,5.29,5.21,3.38
0.8,Fair,E,I1,65.5,54.0,1232,5.84,5.68,3.78
0.51,Fair,H,VS1,55.5,64.0,1234,5.44,5.4,3.01
0.5,Fair,G,VS1,66.5,58.0,1234,4.99,4.9,3.29
0.63,Fair,H,SI2,64.7,61.0,1235,5.33,5.27,3.43
0.51,Fair,E,SI1,64.8,58.0,1237,5.07,5.02,3.27
0.5,Fair,G,VS2,65.1,56.0,1238,5.02,4.99,3.26
0.5,Fair,E,SI1,61.7,68.0,1238,5.09,5.03,3.12
0.5,Fair,D,SI1,64.6,61.0,1238,5.05,4.95,3.23
0.49,Fair,D,VS2,57.5,68.0,1249,5.18,5.11,2.96
0.85,Fair,H,I1,66.9,54.0,1250,5.98,5.75,3.94
0.5,Fair,D,SI1,64.6,59.0,1253,4.93,4.95,3.19
0.5,Fair,G,VS1,65.7,63.0,1257,4.97,4.87,3.23
0.5,Fair,G,VS1,67.6,56.0,1257,5.02,4.89,3.35
1.03,Fair,E,I1,78.2,54.0,1262,5.72,5.59,4.42
0.5,Fair,G,VS1,64.9,57.0,1271,4.98,4.94,3.22
0.7,Fair,E,I1,66.1,58.0,1273,5.61,5.51,3.67
0.85,Fair,H,I1,71.2,54.0,1274,5.77,5.65,4.07
0.5,Fair,F,VS2,55.8,60.0,1279,5.31,5.27,2.95
0.5,Fair,G,VS1,67.0,61.0,1280,4.97,4.91,3.31
0.53,Fair,E,SI1,56.2,64.0,1286,5.43,5.41,3.05
0.56,Fair,H,VS2,52.7,70.0,1293,5.71,5.57,2.97
0.51,Fair,D,SI1,65.2,55.0,1304,5.05,5.01,3.28
0.6,Fair,G,SI1,64.5,56.0,1305,5.27,5.24,3.39
0.5,Fair,F,VS2,64.6,58.0,1323,5.01,4.99,3.23
0.5,Fair,D,SI1,65.1,58.0,1323,5.0,4.96,3.24
0.5,Fair,D,SI1,64.6,58.0,1323,5.0,4.97,3.22
0.5,Fair,D,SI1,65.7,56.0,1323,5.01,4.97,3.28
0.85,Fair,H,I1,61.0,61.0,1324,6.2,6.0,3.73
0.85,Fair,H,I1,66.7,59.0,1324,5.86,5.78,3.88
0.5,Fair,G,VS1,60.3,66.0,1327,5.13,5.09,3.08
0.5,Fair,H,VS2,56.3,65.0,1332,5.24,5.21,2.94
0.51,Fair,F,VS2,61.0,66.0,1334,5.12,5.04,3.1
0.85,Fair,J,I1,65.5,59.0,1334,5.95,5.82,3.86
0.89,Fair,H,I1,58.8,66.0,1334,6.21,6.09,3.62
0.51,Fair,E,SI1,55.8,61.0,1340,5.43,5.35,3.01
0.5,Fair,F,VS1,62.9,68.0,1348,5.02,4.96,3.14
0.5,Fair,G,VS1,65.8,57.0,1350,5.03,4.91,3.27
0.56,Fair,E,SI1,64.5,61.0,1358,5.22,5.09,3.33
0.71,Fair,J,SI2,66.1,58.0,1362,5.53,5.43,3.62
0.53,Fair,E,SI1,64.5,53.0,1363,5.16,5.15,3.33
0.5,Fair,G,VS1,66.8,56.0,1367,4.85,4.91,3.26
0.6,Fair,F,SI1,55.3,63.0,1367,5.67,5.61,3.12
0.48,Fair,G,VVS2,65.0,54.0,1367,4.95,4.9,3.2
0.5,Fair,G,VS1,65.9,57.0,1373,5.0,4.87,3.25
0.57,Fair,E,SI1,64.6,59.0,1383,5.22,5.18,3.36
0.56,Fair,E,SI2,64.5,61.0,1389,5.18,5.14,3.33
0.5,Fair,E,VS2,66.3,55.0,1397,4.98,4.94,3.29
0.5,Fair,E,VS2,64.9,56.0,1397,5.01,4.95,3.23
0.5,Fair,E,VS2,65.4,57.0,1397,5.01,4.81,3.21
0.52,Fair,I,VVS2,60.4,66.0,1401,5.26,5.2,3.16
0.53,Fair,F,VS2,65.5,58.0,1402,5.09,5.03,3.31
0.71,Fair,J,SI2,65.5,61.0,1409,5.54,5.49,3.61
0.62,Fair,D,SI2,64.6,57.0,1410,5.39,5.33,3.46
0.64,Fair,I,VS2,55.3,69.0,1411,5.85,5.69,3.19
0.35,Fair,G,VS2,65.9,54.0,1415,5.57,5.53,3.66
0.35,Fair,G,VS2,65.9,54.0,1415,5.57,5.53,3.66
0.7,Fair,G,SI2,69.3,60.0,1420,5.41,5.35,3.72
0.58,Fair,G,VS2,65.0,56.0,1430,5.23,5.17,3.38
0.5,Fair,D,VS2,66.9,57.0,1431,4.95,4.83,3.27
0.5,Fair,D,VS2,63.7,57.0,1431,5.05,4.9,3.17
0.62,Fair,E,SI2,58.2,60.0,1435,5.7,5.51,3.26
0.71,Fair,J,VS2,64.9,54.0,1435,5.63,5.53,3.62
0.67,Fair,I,VS2,57.2,70.0,1436,5.82,5.75,3.31
0.61,Fair,I,VS2,57.4,60.9,1437,5.6,5.65,3.23
0.37,Fair,D,IF,61.2,57.0,1440,4.68,4.73,2.88
0.5,Fair,F,VS1,56.4,62.0,1446,5.31,5.22,2.97
0.97,Fair,G,I1,57.2,60.0,1547,6.59,6.36,3.72
0.7,Fair,F,SI2,66.4,56.0,1564,5.51,5.42,3.63
0.91,Fair,F,I1,67.0,62.0,1570,5.97,5.89,3.98
0.5,Fair,F,VS1,65.0,55.0,1577,5.01,4.96,3.24
0.51,Fair,F,VS2,56.3,61.0,1602,5.34,5.29,2.99
0.7,Fair,I,SI2,65.9,58.0,1625,5.46,5.5,3.61
0.73,Fair,F,SI2,64.7,56.0,1631,5.6,5.53,3.6
0.68,Fair,G,SI1,58.0,71.0,1633,5.85,5.7,3.35
0.96,Fair,H,I1,61.5,63.0,1637,6.22,6.06,3.78
0.62,Fair,F,SI1,55.1,66.0,1641,5.85,5.7,3.18
0.58,Fair,E,SI1,64.4,57.0,1641,5.26,5.24,3.38
0.67,Fair,F,SI1,56.0,67.0,1642,5.81,5.78,3.25
0.77,Fair,D,SI2,65.1,63.0,1651,5.71,5.65,3.7
0.85,Fair,G,I1,62.7,60.0,1651,6.05,5.96,3.77
0.65,Fair,I,VS2,65.1,55.6,1659,5.44,5.5,3.56
0.5,Fair,G,VVS2,66.1,62.0,1659,4.92,4.88,3.24
0.51,Fair,D,VS2,64.4,54.0,1668,5.06,5.03,3.25
0.7,Fair,J,VS2,64.6,58.0,1672,5.58,5.56,3.6
0.81,Fair,H,SI2,66.2,58.0,1687,5.78,5.74,3.81
0.71,Fair,G,SI2,65.6,56.0,1691,5.54,5.49,3.63
0.69,Fair,G,SI2,65.4,63.0,1691,5.49,5.43,3.57
0.7,Fair,J,VVS1,67.6,54.0,1691,5.56,5.41,3.71
0.69,Fair,I,VS1,57.9,63.0,1692,5.73,5.77,3.33
0.7,Fair,D,SI2,71.6,55.0,1696,5.47,5.28,3.85
0.7,Fair,I,SI1,65.8,57.0,1697,5.46,5.55,3.62
0.58,Fair,G,VS1,64.7,60.0,1701,5.23,5.28,3.41
0.49,Fair,E,VVS2,65.5,58.0,1705,4.91,4.86,3.2
0.96,Fair,H,I1,61.1,60.0,1705,6.26,6.07,3.77
0.96,Fair,H,I1,66.9,60.0,1705,6.15,6.04,4.09
0.51,Fair,E,VS2,65.5,51.0,1709,5.06,5.01,3.3
0.98,Fair,G,I1,69.7,58.0,1712,6.08,5.98,4.21
0.5,Fair,G,VVS2,64.9,58.0,1712,5.0,4.95,3.23
0.8,Fair,G,I1,64.5,57.0,1715,5.86,5.83,3.77
0.32,Fair,F,VS2,59.6,60.0,1715,4.42,4.34,2.61
0.7,Fair,I,SI1,65.0,56.0,1720,5.6,5.5,3.61
0.7,Fair,J,SI1,63.0,57.0,1723,5.55,5.6,3.51
0.7,Fair,E,SI2,58.7,68.0,1723,5.77,5.72,3.37
0.64,Fair,E,SI1,59.5,64.0,1733,5.65,5.39,3.31
0.56,Fair,E,VS2,64.7,60.0,1737,5.13,5.14,3.32
0.96,Fair,H,I1,64.3,59.0,1739,6.38,5.88,3.98
0.96,Fair,H,I1,69.2,56.0,1739,5.97,5.83,4.08
0.7,Fair,I,SI1,65.2,58.0,1749,5.6,5.56,3.64
0.98,Fair,G,I1,68.0,63.0,1749,6.13,6.02,4.13
0.9,Fair,H,I1,66.9,63.0,1758,6.04,5.91,4.0
0.63,Fair,H,VS1,57.3,62.5,1760,5.65,5.7,3.25
0.72,Fair,J,SI2,66.1,55.0,1762,5.51,5.56,3.66
0.7,Fair,D,SI2,67.8,58.0,1770,5.51,5.44,3.71
0.96,Fair,H,I1,68.9,59.0,1773,6.09,5.96,4.15
0.29,Fair,F,SI1,55.8,60.0,1776,4.48,4.41,2.48
0.53,Fair,E,VS1,62.3,67.0,1778,5.22,5.11,3.22
0.52,Fair,F,VS1,57.2,59.0,1784,5.35,5.39,3.07
1.0,Fair,J,I1,65.0,59.0,1784,6.27,6.17,4.05
0.9,Fair,I,I1,67.2,60.0,1786,5.96,5.88,3.98
0.97,Fair,F,I1,68.5,54.0,1787,6.26,6.05,4.22
0.57,Fair,F,VS1,64.5,61.0,1788,5.23,5.19,3.36
0.99,Fair,J,I1,73.6,60.0,1789,6.01,5.8,4.35
0.5,Fair,G,VVS2,62.9,67.0,1791,5.02,4.96,3.14
0.5,Fair,D,VVS1,65.9,64.0,1792,4.92,5.03,3.28
0.7,Fair,F,SI2,64.8,57.0,1792,5.65,5.59,3.64
0.72,Fair,H,SI2,66.0,60.0,1799,5.58,5.51,3.66
0.72,Fair,I,SI1,64.8,54.0,1799,5.69,5.67,3.68
0.73,Fair,J,VS1,64.6,60.0,1802,5.68,5.59,3.64
0.7,Fair,H,SI1,65.0,59.0,1803,5.54,5.5,3.59
1.0,Fair,I,I1,68.6,56.0,1805,6.2,6.08,4.22
0.7,Fair,D,SI2,65.5,57.0,1806,5.56,5.43,3.6
0.7,Fair,H,SI1,64.8,57.0,1808,5.49,5.59,3.59
0.96,Fair,H,I1,60.1,62.0,1808,6.21,6.0,3.68
0.96,Fair,H,I1,67.4,62.0,1808,6.13,5.96,4.08
0.7,Fair,H,VS1,67.2,55.0,1811,5.48,5.54,3.7
0.7,Fair,I,VS2,66.1,56.0,1814,5.53,5.48,3.64
0.56,Fair,F,VS2,57.0,67.0,1814,5.49,5.36,3.09
0.37,Fair,F,SI1,65.3,56.0,527,4.53,4.47,2.94
0.71,Fair,J,VS2,64.4,56.0,1826,5.64,5.6,3.62
0.75,Fair,J,SI1,55.0,66.0,1827,6.2,6.04,3.37
0.71,Fair,H,SI1,65.9,57.0,1828,5.54,5.48,3.63
0.7,Fair,E,SI2,70.6,56.0,1828,5.45,5.35,3.81
0.71,Fair,H,VS2,62.1,70.0,1832,5.67,5.6,3.5
0.7,Fair,H,SI1,66.0,56.0,1840,5.5,5.53,3.64
0.71,Fair,I,VS2,61.6,67.0,1840,5.76,5.61,3.5
0.7,Fair,I,SI1,62.0,67.0,1848,5.54,5.5,3.42
0.52,Fair,G,IF,65.5,55.0,1849,4.98,5.06,3.29
0.7,Fair,H,SI1,65.5,57.0,1865,5.59,5.55,3.65
0.7,Fair,H,SI1,65.3,55.0,1865,5.58,5.54,3.63
0.74,Fair,E,I1,58.2,65.0,1865,6.03,5.89,3.47
0.75,Fair,J,VS1,61.9,67.0,1869,5.8,5.7,3.56
0.65,Fair,F,VS2,58.3,64.0,1881,5.7,5.62,3.3
0.5,Fair,E,VS1,55.3,65.0,1890,5.35,5.31,2.95
0.73,Fair,I,SI2,61.3,67.0,1892,5.77,5.64,3.51
0.7,Fair,D,SI1,52.2,65.0,1895,6.04,5.99,3.14
0.7,Fair,J,VS2,67.4,58.0,1896,5.34,5.37,3.61
0.99,Fair,J,I1,62.9,58.0,1901,6.33,6.1,3.91
0.57,Fair,F,VVS2,65.2,56.2,1902,5.19,5.23,3.4
0.7,Fair,G,SI1,68.4,58.0,1915,5.59,5.55,3.61
0.96,Fair,F,I1,62.9,66.0,1917,6.29,6.07,3.91
0.7,Fair,F,SI2,58.2,66.0,1920,5.77,5.74,3.35
0.98,Fair,G,I1,58.7,57.0,1932,6.54,6.43,3.8
0.98,Fair,G,I1,67.3,60.0,1932,6.17,6.11,4.14
0.9,Fair,G,I1,65.1,58.0,1939,6.05,5.99,3.92
0.54,Fair,F,SI1,64.8,59.0,1944,5.11,5.05,3.29
0.75,Fair,J,VS2,59.1,66.0,1944,5.99,5.82,3.49
0.7,Fair,F,SI2,64.6,57.0,1947,5.6,5.57,3.61
0.7,Fair,G,SI1,66.0,53.0,1949,5.53,5.47,3.63
0.5,Fair,E,VS1,56.1,64.0,1950,5.31,5.28,2.97
0.63,Fair,E,SI1,64.6,57.7,1952,5.36,5.41,3.47
1.0,Fair,G,I1,67.3,57.0,1954,6.26,6.12,4.18
0.77,Fair,J,SI1,60.2,66.0,1956,5.97,5.81,3.55
0.74,Fair,H,SI2,62.0,53.0,1962,5.85,5.74,3.6
0.7,Fair,F,SI1,65.3,54.0,1974,5.58,5.54,3.63
0.5,Fair,D,VVS2,67.6,57.0,1980,4.95,4.84,3.31
0.7,Fair,H,VS2,57.0,58.0,1981,5.87,5.89,3.35
0.7,Fair,H,VS2,64.9,56.0,1981,5.49,5.51,3.57
0.74,Fair,J,VS1,58.8,68.0,1982,5.91,5.8,3.44
0.7,Fair,G,SI1,65.0,59.0,1982,5.57,5.5,3.6
0.7,Fair,F,SI2,57.1,64.0,1990,5.81,5.86,3.33
0.71,Fair,G,SI2,65.6,61.0,1994,5.46,5.37,3.55
0.7,Fair,H,SI1,61.0,66.0,1995,5.68,5.64,3.45
0.7,Fair,G,SI1,61.6,66.0,1995,5.62,5.57,3.45
0.7,Fair,I,VS2,64.4,55.0,1996,5.6,5.55,3.59
1.0,Fair,I,I1,66.9,57.0,1997,6.15,6.03,4.09
0.7,Fair,E,SI2,64.4,58.0,1998,5.58,5.51,3.57
0.7,Fair,E,SI2,65.3,56.0,1998,5.57,5.54,3.63
0.7,Fair,G,SI2,61.5,66.0,1999,5.55,5.6,3.43
0.7,Fair,E,SI1,57.2,66.0,2000,5.76,5.74,3.29
0.3,Fair,D,SI2,64.6,54.0,536,4.29,4.25,2.76
0.71,Fair,E,SI2,64.8,63.0,2002,5.63,5.51,3.61
0.77,Fair,J,VS1,61.2,66.0,2005,5.92,5.83,3.6
0.63,Fair,E,VS2,65.7,60.0,2011,5.41,5.31,3.52
0.7,Fair,G,SI1,64.8,59.0,2016,5.65,5.56,3.63
0.81,Fair,F,SI2,65.7,57.0,2031,5.8,5.75,3.79
0.73,Fair,G,SI1,65.5,56.0,2032,5.68,5.62,3.7
0.7,Fair,F,SI2,64.9,58.0,2035,5.46,5.59,3.59
1.0,Fair,I,I1,64.5,58.0,2035,6.33,6.1,4.01
1.01,Fair,E,I1,64.5,54.0,2036,6.31,6.22,4.03
1.04,Fair,I,I1,67.3,56.0,2037,6.34,6.23,4.22
0.71,Fair,G,SI1,65.0,58.0,2045,5.57,5.53,3.61
0.7,Fair,H,SI1,65.5,57.0,2048,5.53,5.59,3.64
0.7,Fair,H,SI1,65.2,58.0,2048,5.49,5.55,3.6
0.71,Fair,H,SI1,65.1,55.0,2049,5.69,5.65,3.69
0.73,Fair,G,SI2,64.7,60.0,2050,5.68,5.64,3.66
0.7,Fair,H,SI1,64.7,58.0,2051,5.59,5.54,3.6
0.71,Fair,G,SI2,64.8,58.0,2055,5.6,5.57,3.62
0.74,Fair,G,SI1,64.8,59.0,2060,5.63,5.6,3.64
0.64,Fair,F,VS2,57.0,62.5,2063,5.67,5.78,3.26
0.96,Fair,G,I1,64.5,60.0,2068,6.16,6.11,3.96
0.74,Fair,E,SI1,66.0,56.0,2069,5.6,5.67,3.72
0.69,Fair,G,VS1,57.8,66.0,2070,5.9,5.84,3.39
0.7,Fair,F,SI2,65.3,55.0,2075,5.6,5.49,3.62
0.52,Fair,E,VVS2,57.2,64.0,2079,5.27,5.36,3.04
0.62,Fair,F,VS1,60.0,64.0,2083,5.69,5.48,3.36
0.71,Fair,D,SI1,55.5,62.0,2086,6.0,5.97,3.32
0.71,Fair,F,SI1,62.6,57.0,2088,5.73,5.68,3.57
0.62,Fair,F,VVS2,57.1,60.0,2088,5.65,5.7,3.24
0.7,Fair,E,SI2,64.6,53.0,2092,5.58,5.63,3.62
0.7,Fair,D,SI1,66.0,56.0,2093,5.45,5.52,3.62
0.7,Fair,H,VS1,62.0,73.0,2100,5.65,5.54,3.47
0.75,Fair,F,SI2,65.1,57.0,2102,5.7,5.66,3.7
0.71,Fair,F,SI2,65.2,55.5,2103,5.52,5.58,3.62
0.71,Fair,I,VS1,64.5,56.0,2104,5.61,5.56,3.6
0.71,Fair,H,SI1,65.1,56.0,2112,5.63,5.55,3.64
1.0,Fair,I,I1,65.4,57.0,2112,6.28,6.2,4.08
0.7,Fair,I,VS2,64.7,60.0,2117,5.55,5.49,3.57
0.7,Fair,G,SI2,65.2,56.0,2117,5.63,5.54,3.64
1.0,Fair,J,SI2,69.9,61.0,2117,6.13,5.86,4.23
0.7,Fair,I,VVS2,64.7,55.0,2117,5.62,5.51,3.6
0.7,Fair,G,SI1,56.6,61.0,2120,5.86,5.95,3.34
0.7,Fair,F,SI1,66.0,56.0,2121,5.59,5.56,3.68
0.72,Fair,E,SI2,68.4,64.0,2125,5.38,5.32,3.66
0.7,Fair,E,SI1,65.1,56.0,2125,5.49,5.41,3.55
0.91,Fair,I,SI2,65.0,58.0,2129,6.05,6.02,3.92
0.72,Fair,I,VVS2,65.7,57.0,2131,5.56,5.64,3.68
0.83,Fair,H,SI2,65.1,59.0,2133,5.84,5.81,3.79
1.04,Fair,F,I1,65.4,60.0,2134,6.39,6.3,4.15
0.9,Fair,E,I1,59.9,66.0,2138,6.18,6.14,3.69
0.9,Fair,H,SI2,64.4,59.0,2138,6.03,5.99,3.87
0.52,Fair,F,IF,64.6,58.0,2144,5.04,5.17,3.3
0.73,Fair,D,SI2,65.5,60.0,2147,5.64,5.54,3.66
0.71,Fair,F,SI1,57.0,62.0,2149,5.84,5.87,3.34
0.7,Fair,G,SI1,63.1,57.0,2150,5.64,5.58,3.54
0.71,Fair,D,SI1,64.6,60.0,2151,5.55,5.6,3.6
0.7,Fair,H,VS1,64.9,56.0,2152,5.68,5.56,3.65
0.34,Fair,F,I1,55.8,62.0,2160,4.72,4.6,2.6
0.73,Fair,F,SI2,59.2,64.0,2164,5.92,5.83,3.48
0.73,Fair,F,SI2,53.4,65.0,2164,6.19,6.15,3.3
0.7,Fair,D,SI2,65.6,55.0,2167,5.59,5.5,3.64
0.7,Fair,F,SI1,65.9,59.0,2167,5.53,5.49,3.63
0.7,Fair,F,SI1,64.8,60.0,2167,5.57,5.54,3.6
0.7,Fair,D,SI2,64.5,60.0,2167,5.53,5.47,3.55
0.84,Fair,D,SI2,64.5,60.0,2167,5.92,5.84,3.79
0.6,Fair,G,VVS2,57.9,67.0,2167,5.66,5.47,3.23
0.7,Fair,H,SI1,64.5,59.0,2176,5.54,5.51,3.56
0.77,Fair,I,VS1,65.1,57.0,2184,5.65,5.77,3.72
0.58,Fair,E,VS1,57.9,56.0,2192,5.52,5.49,3.19
0.76,Fair,H,SI1,65.5,59.0,2193,5.75,5.66,3.74
0.74,Fair,H,VS1,66.3,63.0,2193,5.63,5.5,3.69
0.71,Fair,D,SI2,64.6,60.0,2198,5.62,5.59,3.62
0.71,Fair,F,SI1,57.0,68.0,2198,6.05,5.87,3.4
0.72,Fair,H,SI2,65.9,57.0,2203,5.6,5.54,3.67
0.71,Fair,I,VS2,64.7,60.0,2208,5.54,5.46,3.56
0.7,Fair,G,SI2,58.6,56.0,2208,5.8,5.74,3.38
0.47,Fair,D,IF,60.6,60.0,2211,5.09,4.98,3.05
0.7,Fair,I,VS1,60.2,66.0,2234,5.77,5.62,3.44
0.69,Fair,G,VS1,61.2,65.4,2235,5.58,5.64,3.42
1.06,Fair,I,I1,64.5,57.0,2239,6.47,6.33,4.13
0.7,Fair,E,SI1,66.7,59.0,2241,5.49,5.45,3.65
0.8,Fair,G,SI2,61.2,58.0,2246,5.96,5.93,3.64
0.7,Fair,G,VS1,68.5,58.0,2250,5.47,5.34,3.7
0.7,Fair,H,VS2,65.0,56.0,2268,5.6,5.5,3.61
0.7,Fair,G,VS2,57.3,63.0,2273,5.78,5.84,3.33
0.71,Fair,G,VS2,65.7,56.0,2274,5.51,5.54,3.63
0.73,Fair,H,VS2,65.9,55.0,2278,5.68,5.64,3.74
1.0,Fair,F,I1,68.0,57.0,2280,6.14,6.05,4.15
0.92,Fair,H,SI2,66.1,57.0,2283,6.22,6.0,4.05
1.01,Fair,G,I1,64.5,56.0,2287,6.32,6.26,4.06
0.7,Fair,G,VS1,65.2,57.0,2290,5.56,5.52,3.61
0.77,Fair,I,VVS2,59.2,66.0,2292,5.96,5.9,3.51
1.05,Fair,H,I1,61.8,57.0,2293,6.51,6.4,3.99
0.81,Fair,I,VS1,66.5,53.0,2297,5.76,5.83,3.86
0.71,Fair,G,SI1,65.5,55.0,2300,5.59,5.56,3.65
0.71,Fair,G,SI2,64.4,58.0,2300,5.59,5.56,3.59
0.81,Fair,F,SI2,68.8,79.0,2301,5.26,5.2,3.58
0.96,Fair,J,I1,59.5,60.0,2304,6.28,6.23,3.72
0.72,Fair,G,VS2,64.6,55.0,2306,5.66,5.71,3.67
0.9,Fair,G,I1,66.0,58.0,2310,5.96,5.88,3.91
0.78,Fair,F,SI2,64.6,53.0,2312,5.83,5.78,3.75
0.73,Fair,E,SI1,64.6,59.0,2317,5.69,5.64,3.66
0.8,Fair,G,SI2,64.6,55.0,2318,5.86,5.75,3.75
0.71,Fair,I,VS1,57.1,57.0,2318,5.87,5.9,3.36
0.7,Fair,E,SI1,65.2,58.0,2318,5.57,5.54,3.62
0.7,Fair,D,SI1,64.6,57.0,2318,5.6,5.57,3.61
0.95,Fair,J,I1,64.9,56.0,2322,6.17,6.12,3.99
1.0,Fair,G,SI2,70.2,58.0,2326,6.0,5.73,4.13
0.71,Fair,F,SI2,60.1,68.0,2327,5.8,5.72,3.46
0.76,Fair,H,SI1,61.9,70.0,2328,5.84,5.77,3.59
0.73,Fair,I,VS1,55.9,66.0,2330,6.11,6.01,3.39
0.89,Fair,I,VS1,68.2,65.0,2334,5.82,5.74,3.94
1.17,Fair,I,I1,64.5,59.0,2336,6.67,6.47,4.25
0.97,Fair,F,SI2,67.2,61.0,2338,6.09,6.0,4.06
0.7,Fair,G,VS2,65.3,57.0,2338,5.58,5.47,3.61
0.82,Fair,G,SI1,66.4,54.0,2339,5.87,5.82,3.88
0.7,Fair,D,SI1,66.5,55.0,2339,5.51,5.47,3.65
1.01,Fair,I,I1,56.1,63.0,2342,6.7,6.65,3.74
0.62,Fair,E,VS1,58.8,67.0,2344,5.66,5.57,3.29
0.73,Fair,I,VVS2,64.4,59.0,2351,5.65,5.62,3.63
0.7,Fair,H,VS2,67.8,56.0,2351,5.42,5.38,3.66
0.71,Fair,E,SI1,64.7,59.0,2352,5.61,5.58,3.62
0.71,Fair,D,SI1,65.1,59.0,2352,5.59,5.56,3.63
0.7,Fair,G,SI1,61.7,66.0,2352,5.7,5.58,3.48
0.7,Fair,D,SI1,64.9,64.0,2352,5.57,5.5,3.59
0.7,Fair,E,VS2,65.6,61.0,2352,5.62,5.47,3.64
0.97,Fair,I,I1,67.3,55.0,2357,6.08,6.02,4.07
0.7,Fair,D,SI2,58.1,60.0,2358,5.79,5.82,3.37
0.82,Fair,H,SI2,65.1,58.0,2358,5.86,5.81,3.8
0.84,Fair,I,VS2,65.1,57.0,2359,5.91,5.85,3.83
0.78,Fair,G,SI1,64.6,56.0,2359,5.86,5.79,3.76
0.79,Fair,G,SI1,65.3,76.0,2362,5.52,5.13,3.35
0.75,Fair,F,SI1,64.5,60.0,2363,5.65,5.54,3.61
0.72,Fair,D,SI1,65.6,60.0,2364,5.62,5.54,3.66
0.71,Fair,D,VS2,55.6,73.0,2368,6.01,5.96,3.33
0.7,Fair,F,VS2,65.5,57.0,2369,5.55,5.41,3.59
0.71,Fair,D,SI1,66.3,56.0,2372,5.61,5.49,3.68
1.07,Fair,G,I1,64.8,56.0,2375,6.53,6.43,4.2
0.9,Fair,H,SI2,66.0,63.0,2376,5.89,5.79,3.86
0.75,Fair,D,SI1,65.1,57.0,2376,5.64,5.6,3.66
1.2,Fair,I,I1,66.7,57.0,2376,6.57,6.05,4.37
1.2,Fair,I,I1,65.1,55.0,2376,6.65,6.59,4.31
1.2,Fair,G,I1,66.6,57.0,2376,6.57,6.5,4.34
0.9,Fair,G,SI2,65.4,57.0,2376,6.01,5.97,3.98
0.7,Fair,F,VS1,64.5,57.0,2381,5.65,5.58,3.62
0.7,Fair,F,VS1,67.8,60.0,2381,5.5,5.39,3.69
0.7,Fair,F,VS1,65.8,59.0,2381,5.58,5.48,3.64
0.7,Fair,G,VS1,56.2,65.0,2384,5.93,5.88,3.32
0.7,Fair,G,VS1,65.8,61.0,2384,5.61,5.46,3.64
0.7,Fair,G,VS1,65.6,60.0,2384,5.57,5.5,3.63
0.83,Fair,G,SI2,64.4,57.0,2386,5.93,5.86,3.8
0.91,Fair,J,SI1,66.3,56.0,2390,5.92,5.99,3.95
0.7,Fair,F,SI2,65.1,52.0,2394,5.64,5.57,3.65
0.7,Fair,H,VS1,59.6,66.0,2395,5.8,5.74,3.44
1.05,Fair,I,I1,61.8,66.0,2396,6.48,6.37,3.97
1.21,Fair,I,I1,65.0,58.0,2396,6.65,6.59,4.3
0.72,Fair,G,VS1,66.4,57.0,2396,5.6,5.51,3.69
1.0,Fair,G,I1,64.9,56.0,2398,6.2,6.14,4.01
0.7,Fair,F,VS1,55.9,62.0,2399,5.94,5.83,3.29
0.8,Fair,G,SI2,67.1,56.0,2400,5.76,5.73,3.85
0.78,Fair,G,SI2,64.9,55.2,2401,5.75,5.82,3.76
0.73,Fair,G,VS2,60.1,65.0,2401,5.91,5.81,3.52
0.71,Fair,H,VS1,66.4,62.0,2401,5.54,5.49,3.66
0.81,Fair,I,VS2,64.6,59.0,2414,5.83,5.78,3.75
0.72,Fair,D,VS2,65.4,56.0,2414,5.68,5.6,3.69
0.7,Fair,H,VS1,65.8,56.0,2415,5.54,5.49,3.63
0.9,Fair,I,SI2,67.7,61.0,2422,6.04,5.86,4.03
0.56,Fair,E,VVS2,57.3,60.0,2426,5.5,5.57,3.17
0.7,Fair,E,VS2,65.7,55.0,2437,5.45,5.51,3.6
0.9,Fair,J,SI1,64.6,61.0,2438,5.92,5.87,3.81
0.96,Fair,G,SI2,72.2,56.0,2438,6.01,5.81,4.28
0.59,Fair,F,VS2,64.4,56.0,2443,5.31,5.28,3.41
0.71,Fair,F,SI1,59.8,70.0,2458,5.89,5.72,3.48
0.7,Fair,G,VS2,64.9,57.0,2479,5.55,5.54,3.6
0.6,Fair,F,VVS2,60.1,66.0,2484,5.48,5.44,3.28
0.91,Fair,D,I1,66.2,57.0,2491,6.0,5.94,3.95
0.85,Fair,I,SI1,65.8,65.0,2493,5.88,5.79,3.84
0.72,Fair,E,SI1,56.9,61.0,2498,5.91,5.97,3.38
0.7,Fair,H,VVS2,65.8,58.0,2500,5.49,5.42,3.59
0.82,Fair,F,SI2,56.7,70.0,2508,6.28,6.16,3.53
1.3,Fair,H,I1,64.4,57.0,2512,6.93,6.86,4.44
0.7,Fair,F,VS2,66.4,53.0,2516,5.51,5.49,3.65
0.96,Fair,J,SI1,67.3,56.0,2517,6.06,6.01,4.06
0.76,Fair,D,SI2,55.5,69.0,2518,6.16,6.07,3.39
1.0,Fair,H,SI2,67.8,53.0,2530,6.08,6.02,4.1
0.9,Fair,F,SI2,69.0,59.0,2536,5.89,5.82,4.04
0.9,Fair,J,SI2,66.6,54.0,2536,6.05,5.99,4.01
0.9,Fair,I,SI2,65.3,57.0,2536,5.98,5.93,3.89
0.97,Fair,J,SI2,60.8,67.0,2538,6.41,6.32,3.87
0.73,Fair,D,SI1,64.5,56.0,2539,5.7,5.65,3.66
0.96,Fair,G,SI2,66.8,61.0,2539,6.15,6.04,4.07
0.96,Fair,I,SI2,66.3,58.0,2540,6.07,5.9,3.97
0.88,Fair,I,VS2,57.4,67.0,2550,6.49,6.36,3.69
0.7,Fair,D,SI1,66.2,57.0,2550,5.56,5.41,3.63
0.7,Fair,G,VS1,57.1,62.0,2553,5.89,5.94,3.38
0.74,Fair,H,VS2,66.1,61.0,2553,5.6,5.57,3.69
0.7,Fair,D,VS2,65.2,59.0,2560,5.58,5.55,3.63
1.3,Fair,E,I1,66.5,58.0,2571,6.79,6.75,4.5
0.7,Fair,G,VS2,66.5,57.0,2575,5.4,5.46,3.61
0.83,Fair,I,VS2,64.9,58.0,2577,5.9,5.84,3.81
0.5,Fair,E,VS2,79.0,73.0,2579,5.21,5.18,4.09
0.5,Fair,E,VS2,79.0,73.0,2579,5.21,5.18,4.09
0.89,Fair,G,SI2,58.9,66.0,2579,6.26,6.16,3.66
0.77,Fair,H,VS1,64.6,56.4,2594,5.78,5.84,3.75
0.7,Fair,G,VVS2,64.5,61.0,2595,5.43,5.52,3.53
1.29,Fair,H,I1,67.7,62.0,2596,6.69,6.59,4.5
0.71,Fair,D,VS2,64.4,56.0,2596,5.63,5.58,3.61
0.74,Fair,F,VS2,64.6,55.0,2596,5.74,5.66,3.68
0.7,Fair,E,SI2,65.0,54.0,2600,5.56,5.52,3.6
0.72,Fair,H,VVS2,56.5,68.0,2608,6.03,5.89,3.37
0.74,Fair,E,SI2,66.7,62.0,2617,5.49,5.43,3.64
1.2,Fair,F,I1,65.7,56.0,2622,6.65,6.58,4.35
0.71,Fair,G,VS2,57.0,66.0,2623,5.83,5.81,3.32
0.9,Fair,E,SI2,64.4,58.0,2639,6.07,6.01,3.89
0.75,Fair,F,VS2,65.4,58.0,2648,5.63,5.68,3.7
1.2,Fair,G,I1,64.4,55.0,2655,6.77,6.61,4.31
0.7,Fair,G,VS2,64.4,56.0,2657,5.64,5.57,3.61
0.9,Fair,I,VS2,65.8,55.0,2666,6.05,6.01,3.97
0.96,Fair,H,SI2,67.6,63.0,2672,5.99,5.84,4.01
1.01,Fair,J,SI2,66.9,58.0,2683,6.13,6.07,4.08
0.71,Fair,G,VS1,65.5,55.0,2686,5.62,5.53,3.65
0.8,Fair,H,VS2,65.3,58.0,2686,5.78,5.73,3.76
0.72,Fair,E,VS2,64.4,59.0,2691,5.67,5.64,3.64
0.72,Fair,F,SI1,64.8,55.0,2691,5.64,5.6,3.64
0.9,Fair,G,SI1,72.9,54.0,2691,5.74,5.67,4.16
0.78,Fair,H,VS2,54.7,67.0,2691,6.25,6.15,3.4
0.7,Fair,E,VS2,60.6,64.0,2697,5.77,5.62,3.45
0.7,Fair,E,SI1,64.4,53.0,2697,5.61,5.57,3.6
0.76,Fair,H,VVS2,64.8,57.0,2699,5.67,5.81,3.71
0.75,Fair,F,SI1,64.6,57.0,2700,5.7,5.67,3.67
0.71,Fair,F,VS1,57.3,67.0,2707,5.96,5.76,3.36
0.7,Fair,G,VVS2,65.3,61.0,2710,5.58,5.48,3.61
0.7,Fair,H,VVS2,64.5,65.0,2717,5.52,5.45,3.54
1.05,Fair,H,SI2,64.8,55.0,2717,6.39,6.32,4.12
0.78,Fair,E,SI2,66.9,57.0,2721,5.7,5.66,3.6
1.0,Fair,G,I1,61.7,57.0,2723,6.39,6.28,3.91
0.84,Fair,G,VS1,55.6,64.0,2724,6.42,6.32,3.54
0.72,Fair,F,VS2,55.4,64.0,2724,6.06,5.97,3.34
0.9,Fair,I,VS1,68.7,62.0,2732,5.83,5.79,3.99
1.0,Fair,I,SI2,66.8,56.0,2743,6.22,6.12,4.13
1.04,Fair,G,SI2,65.2,57.0,2745,6.25,6.23,4.07
0.71,Fair,D,VS1,65.4,59.0,2747,5.62,5.58,3.66
